0;1;2
0;https://www.blibli.com/p/head-shoulders-lemon-fresh-shampoo-850-ml-3-pcs/pc--MTA-6500814;1
1;https://www.blibli.com/p/head-shoulders-cool-menthol-shampoo-850-ml-3-pcs/pc--MTA-6500774;1
2;https://www.blibli.com/p/olay-total-effects-whip-active-moisturizer-krim-50-g/ps--OLY-60021-00175;1
3;https://www.blibli.com/p/olay-set-perawatan-pelembab-dan-serum-anti-aging/pc--MTA-6766663;
4;https://www.blibli.com/p/olay-white-radiance-niacinamide-vitamin-c-super-serum-30-ml/ps--OLY-60021-00331;1
5;https://www.blibli.com/p/oral-b-123-soft-sikat-gigi-3-pcs/pc--MTA-2486608;1
6;https://www.blibli.com/p/oral-b-complete-whitening-soft-sikat-gigi-2-pcs/pc--MTA-2487139;1
7;https://www.blibli.com/p/oral-b-tooth-and-gum-care-paste-paket-isi-2/ps--PGG-18081-01081;1
8;https://www.blibli.com/p/pantene-pro-v-anti-lepek-conditioner-290-ml/ps--PGG-18081-00484;1
9;https://www.blibli.com/p/pantene-conditioner-smooth-silky-290-ml/pc--MTA-3858139;1
10;https://www.blibli.com/p/herbal-essences-bio-renew-clean-white-strawberry-sweet-mint-shampoo-400-ml/ps--PGG-18081-00856;1
11;https://www.blibli.com/p/pantene-pro-v-perfec-on-kondisioner-tanpa-bilas-40-ml/pc--MTA-3103683;1
12;https://www.blibli.com/p/herbal-essences-bio-renew-clean-white-strawberry-sweet-mint-kondisioner-400-ml/ps--PGG-18081-00861;1
13;https://www.blibli.com/p/oral-b-sikat-gigi-cross-action-pro-health-7-benefit-soft-2s-paket-isi-6/ps--PGG-18081-01056;1
14;https://www.blibli.com/p/downy-sunrise-fresh-pewangi-pakaian-780-ml-3-pcs-refil/pc--MTA-3144293;1
15;https://www.blibli.com/p/downy-floral-pink-pewangi-dan-pelembut-pakaian-konsentrat-2-pcs-1-5-l/ps--DOS-60031-00037;1
16;https://www.blibli.com/p/downy-passion-pewangi-dan-pelembut-pakaian-konsentrat-merah-1-35-l-3-pcs-kemasan-refill/ps--DOS-60031-00124;1
17;https://www.blibli.com/p/downy-floral-pink-pelembut-pewangi-pakaian-1-l-kemasan-refill/pc--MTA-9795845;1
18;https://www.blibli.com/p/downy-mystique-refill-1-5l/pc--MTA-1400726;1
19;https://www.blibli.com/p/downy-mystique-pewangi-dan-pelembut-pakaian-konsentrat-hitam-850-ml-2-pcs-kemasan-refill/ps--DOS-60031-00206;1
20;https://www.blibli.com/p/downy-mystique-pewangi-dan-pelembut-pakaian-konsentrat-hitam-850-ml-3-pcs-kemasan-refill/ps--DOS-60031-00208;1
21;https://www.blibli.com/p/downy-perfume-sweet-heart-pink-pewangi-dan-pelembut-pakaian-konsentrat-1-35l-refill/ps--DOS-60031-00066;1
22;https://www.blibli.com/p/downy-anti-apek-pewangi-dan-pelembut-pakaian-konsentrat-1-35-l-3-pcs-kemasan-refill/ps--DOS-60031-00201;1
23;https://www.blibli.com/p/downy-sunrise-fresh-pelembut-pakaian-720-ml-refill-4-pcs/pc--MTA-6061779;1
24;https://www.blibli.com/p/downy-mild-gentle-pelembut-pakaian-720-ml-refill-3-pcs/pc--MTA-6447496;1
25;https://www.blibli.com/p/downy-allure-pelembut-pakaian-680-ml-refill-3-pcs/pc--MTA-7544730;1
26;https://www.blibli.com/p/downy-floral-pink-pelembut-pewangi-pakaian-1-l-kemasan-refill-2-pcs/pc--MTA-9795854;1
27;https://www.blibli.com/p/downy-floral-pink-pelembut-pewangi-pakaian-1-l-kemasan-refill-3-pcs/pc--MTA-9795859;1
28;https://www.blibli.com/p/downy-anti-bacterial-cairan-pelembut-pakaian-720-ml-2-pcs-kemasan-refill/pc--MTA-3304452;1
29;https://www.blibli.com/p/downy-mild-gentle-pewangi-dan-pelembut-pakaian-720-ml-refill-2-pcs/pc--MTA-6447492;1
30;https://www.blibli.com/p/downy-sunrise-fresh-pewangi-pakaian-1-05-l-pouch/pc--MTA-4087693;1
31;https://www.blibli.com/p/downy-mystique-pewangi-pakaian-720-ml-kemasan-refill/pc--MTA-3304401;1
32;https://www.blibli.com/p/downy-mystique-pewangi-dan-pelembut-pakaian-konsentrat-hitam-850-ml/ps--DOS-60031-00498;1
33;https://www.blibli.com/p/downy-passion-refill-pelembut-pewangi-pakaian-merah-1-5-l-2-pcs/pc--MTA-1417251;1
34;https://www.blibli.com/p/downy-sunrise-fresh-pewangi-pelembut-pakaian-biru-1-55-l/pc--MTA-6447485;1
35;https://www.blibli.com/p/downy-perfume-sweet-heart-pink-reffil-1500-ml-2-pcs/pc--MTA-1985561;1
36;https://www.blibli.com/p/downy-mystique-refill-pewangi-dan-pelembut-pakaian-konsentrat-1-35-l-2-pcs/ps--DOS-60031-00048;1
37;https://www.blibli.com/p/downy-passion-pelembut-dan-pewangi-pakaian-900-ml-2-pcs-refill/pc--MTA-4005162;1
38;https://www.blibli.com/p/downy-daring-pewangi-pakaian-720-ml-kemasan-refill/pc--MTA-3304398;1
39;https://www.blibli.com/p/downy-perfume-sweet-heart-pink-pewangi-pakaian-720-ml-kemasan-refill/pc--MTA-3488296;1
40;https://www.blibli.com/p/downy-daring-refill-pewangi-pakaian-1-5-l/pc--MTA-1220811;1
41;https://www.blibli.com/p/downy-allure-pewangi-dan-pelembut-pakaian-720-ml-refill-2-pcs/pc--MTA-7544729;1
42;https://www.blibli.com/p/downy-sport-fresh-pewangi-dan-pelembut-pakaian-720-ml-4-pcs-kemasan-refill/pc--MTA-6447536;1
43;https://www.blibli.com/p/downy-allure-pewangi-dan-pelembut-pakaian-720-ml-kemasan-refill/pc--MTA-7544728;1
44;https://www.blibli.com/p/downy-anti-apek-pelembut-dan-pewangi-pakaian-720-ml-kemasan-refill/pc--MTA-4006414;
45;https://www.blibli.com/p/downy-anti-apek-pelembut-dan-pewangi-pakaian-720-ml-2-pcs-kemasan-refill/pc--MTA-4006491;1
46;https://www.blibli.com/p/downy-allure-pewangi-dan-pelembut-pakaian-900-ml-refill-2-pcs/pc--MTA-7544732;1
47;https://www.blibli.com/p/downy-antibacteria-pewangi-dan-pelembut-pakaian-720-ml-refill-4-pcs/pc--MTA-6061405;1
48;https://www.blibli.com/p/downy-perfume-sweet-heart-pewangi-pelembut-pakaian-pink-1500-ml-3-pcs-kemasan-refill/pc--MTA-3135126;
49;https://www.blibli.com/p/downy-allure-pewangi-dan-pelembut-pakaian-900-ml-kemasan-refill/pc--MTA-7544731;1
50;https://www.blibli.com/p/downy-daring-pewangi-dan-pelembut-pakaian-720-ml-refill-4-pcs/pc--MTA-6061645;1
51;https://www.blibli.com/p/downy-passion-pelembut-dan-pewangi-pakaian-merah-900-ml-3-pcs-refill/pc--MTA-4005779;1
52;https://www.blibli.com/p/downy-mild-gentle-pewangi-dan-pelembut-pakaian-720-ml-refill/pc--MTA-6447488;1
53;https://www.blibli.com/p/downy-passion-pelembut-pakaian-900-ml-kemasan-refill/pc--MTA-4004731;1
54;https://www.blibli.com/p/downy-antibacteria-pelembut-pakaian-720-ml-kemasan-refill/pc--MTA-3304457;1
55;https://www.blibli.com/p/downy-anti-bacterial-pewangi-pakaian-biru-720-ml-3-pcs-kemasan-refill/pc--MTA-3304444;1
56;https://www.blibli.com/p/downy-mild-gentle-pewangi-dan-pelembut-pakaian-720-ml-4-pcs-kemasan-refill/pc--MTA-6447538;1
57;https://www.blibli.com/p/downy-passion-pewangi-dan-pelembut-pakaian-konsentrat-refill-merah-1-35l/ps--DOS-60031-00053;1
58;https://www.blibli.com/p/downy-floral-pink-pewangi-dan-pelembut-pakaian-780-ml-refill-4-pcs/pc--MTA-6061796;1
59;https://www.blibli.com/p/downy-anti-apek-pelembut-dan-pewangi-pakaian-1500-ml-kemasan-refill/pc--MTA-4006444;1
60;https://www.blibli.com/p/downy-anti-apek-pelembut-dan-pewangi-pakaian-720-ml-3-pcs-kemasan-refill/pc--MTA-4006578;1
61;https://www.blibli.com/p/downy-passion-refill-pelembut-pakaian-720-ml/pc--MTA-1359156;1
62;https://www.blibli.com/p/downy-daring-pewangi-pelembut-pakaian-1-5-l-3-pcs-kemasan-refill/pc--MTA-3135117;1
63;https://www.blibli.com/p/downy-allure-pewangi-dan-pelembut-pakaian-900-ml-refill-3-pcs/pc--MTA-7544733;1
64;https://www.blibli.com/p/downy-pelembut-pakaian-mystique-botol-900-ml/pc--MTA-0201552;1
65;https://www.blibli.com/p/downy-daring-refill-pewangi-dan-pelembut-pakaian-1-5-l-2-pcs/pc--MTA-2278570;1
66;https://www.blibli.com/p/downy-anti-apek-pelembut-dan-pewangi-pakaian-1500-ml-2-pcs-kemasan-refill/pc--MTA-4006467;1
67;https://www.blibli.com/p/downy-pelembut-pakaian-passion-botol-900-ml/pc--MTA-0201556;1
68;https://www.blibli.com/p/downy-anti-apek-pewangi-dan-pelembut-pakaian-720-ml-refill-4-pcs/pc--MTA-6061683;1
69;https://www.blibli.com/p/downy-sunrise-fresh-pewangi-pakaian-780-ml-refill/pc--MTA-3021917;
70;https://www.blibli.com/p/downy-floral-pink-pelembut-pewangi-pakaian-780-ml/pc--MTA-3068481;1
71;https://www.blibli.com/p/downy-floral-pink-pelembut-pewangi-pakaian-1-55-l/pc--MTA-2072752;1
72;https://www.blibli.com/p/downy-pewangi-dan-pelembut-pakaian-konsentrat-fresh-bouquet-900-ml/ps--DOS-60031-00406;1
73;https://www.blibli.com/p/downy-pewangi-dan-pelembut-pakaian-konsentrat-fresh-bouquet-900-ml-paket-isi-2/ps--DOS-60031-00407;1
74;https://www.blibli.com/p/downy-pewangi-dan-pelembut-pakaian-konsentrat-fresh-bouquet-900-ml-paket-isi-3/ps--DOS-60031-00408;1
75;https://www.blibli.com/p/downy-pewangi-dan-pelembut-pakaian-konsentrat-fresh-bouquet-1-45-l/ps--DOS-60031-00409;1
76;https://www.blibli.com/p/downy-pewangi-dan-pelembut-pakaian-konsentrat-fresh-bouquet-1-45-l-paket-isi-2/ps--DOS-60031-00410;1
77;https://www.blibli.com/p/downy-pewangi-dan-pelembut-pakaian-konsentrat-fresh-bouquet-1-45-l-paket-isi-3/ps--DOS-60031-00411;1
78;https://www.blibli.com/p/downy-pewangi-dan-pelembut-pakaian-konsentrat-adorable-bouquet-900-ml/ps--DOS-60031-00412;1
79;https://www.blibli.com/p/downy-pewangi-dan-pelembut-pakaian-konsentrat-adorable-bouquet-900-ml-paket-isi-2/ps--DOS-60031-00606;1
80;https://www.blibli.com/p/downy-pewangi-dan-pelembut-pakaian-konsentrat-adorable-bouquet-900-ml-paket-isi-3/ps--DOS-60031-00414;1
81;https://www.blibli.com/p/downy-pewangi-dan-pelembut-pakaian-konsentrat-adorable-bouquet-1-45-l/ps--DOS-60031-00415;1
82;https://www.blibli.com/p/downy-pewangi-dan-pelembut-pakaian-konsentrat-adorable-bouquet-1-45-l-paket-isi-2/ps--DOS-60031-00416;1
83;https://www.blibli.com/p/downy-pewangi-dan-pelembut-pakaian-konsentrat-adorable-bouquet-1-45-l-paket-isi-3/ps--DOS-60031-00417;1
84;https://www.blibli.com/p/downy-pewangi-dan-pelembut-pakaian-konsentrat-fresh-bouquet-550-ml/ps--DOS-60031-00418;1
85;https://www.blibli.com/p/downy-pewangi-dan-pelembut-pakaian-konsentrat-fresh-bouquet-550-ml-paket-isi-2/ps--DOS-60031-00419;1
86;https://www.blibli.com/p/downy-pewangi-dan-pelembut-pakaian-konsentrat-fresh-bouquet-550-ml-paket-isi-3/ps--DOS-60031-00420;1
87;https://www.blibli.com/p/downy-pewangi-dan-pelembut-pakaian-konsentrat-adorable-bouquet-550-ml/ps--DOS-60031-00421;1
88;https://www.blibli.com/p/downy-pewangi-dan-pelembut-pakaian-konsentrat-adorable-bouquet-550-ml-paket-isi-2/ps--DOS-60031-00422;1
89;https://www.blibli.com/p/downy-pewangi-dan-pelembut-pakaian-konsentrat-adorable-bouquet-550-ml-paket-isi-3/ps--DOS-60031-00423;1
90;https://www.blibli.com/p/gillette-pisau-cukur-silet-goal-5-1-hangcard-isi-20-box/pc--MTA-9773283;1
91;https://www.blibli.com/p/gillette-pisau-cukur-blue-2-plus-1-renceng-24-it/pc--MTA-9773247;1
92;https://www.blibli.com/p/gillette-pisau-cukur-goal-2-1-renceng-24-it/pc--MTA-9773260;1
93;https://www.blibli.com/p/gillette-pisau-cukur-kepala-goyang-blue-2-flex-1-renceng-6-it/pc--MTA-9773271;1
94;https://www.blibli.com/p/gillette-blue-2-disposable-razor-pisau-cukur-isi-10/pc--MTA-1387312;1
95;https://www.blibli.com/p/gillette-blue-2-pivot-disposable-razor-pisau-cukur-isi-5/pc--MTA-1387316;1
96;https://www.blibli.com/p/gillette-foamy-shave-cream-lemon-lime-175-gr/pc--MTA-1010475;1
97;https://www.blibli.com/p/gillette-foamy-shave-cream-menthol-175-gr/pc--MTA-1010472;1
98;https://www.blibli.com/p/gillette-fusion-proglide-base-flexball-razor-pisau-cukur/pc--MTA-1032979;1
99;https://www.blibli.com/p/gillette-fusion-proglide-base-pisau-cukur/pc--MTA-1010551;1
100;https://www.blibli.com/p/gillette-gel-shave-cool-fusion-proglide-195-gr/pc--MTA-1010549;1
101;https://www.blibli.com/p/gillette-guard-3-isi-ulang-pisau-cukur-isi-2-pcs/pc--MTA-7548082;1
102;https://www.blibli.com/p/gillette-guard-3-isi-ulang-pisau-cukur-isi-4-pcs/pc--MTA-7548094;1
103;https://www.blibli.com/p/gillette-guard-3-pisau-cukur-razor-isi-1-pcs/pc--MTA-7548109;1
104;https://www.blibli.com/p/gillette-isi-ulang-fusion-proglide-2-pcs/pc--MTA-1011195;1
105;https://www.blibli.com/p/gillette-isi-ulang-fusion-proglide-refill-pisau-cukur-razor-4-pcs/ps--PGG-18081-00301;1
106;https://www.blibli.com/p/gillette-isi-ulang-mach-3-isi-2/pc--MTA-1010313;1
107;https://www.blibli.com/p/gillette-isi-ulang-vector-refill-pisau-cukur-razor-isi-4/pc--MTA-1010298;1
108;https://www.blibli.com/p/gillette-mach3-content-4-cartridges-refill-pisau-cukur-razor/pc--GDN-0005731;1
109;https://www.blibli.com/p/gillette-pisau-cukur-blue-3-biru-isi-2/pc--MTA-1010234;1
110;https://www.blibli.com/p/gillette-pisau-cukur-blue-3-ice-isi-2/pc--MTA-1010214;1
111;https://www.blibli.com/p/gillette-pisau-cukur-razor-wanita-daisy-classic-isi-5/pc--MTA-1010277;1
112;https://www.blibli.com/p/gillette-pisau-cukur-razor-mach-3/pc--MTA-1010307;1
113;https://www.blibli.com/p/gillette-pisau-cukur-wanita-simply-venus-isi-4/pc--MTA-1010284;1
114;https://www.blibli.com/p/gillette-venus-alat-cukur-wanita-smooth-pisau-cukur-isi-4-refill-isi-ulang/ps--PGG-18081-01129;1
115;https://www.blibli.com/p/gillette-venus-alat-cukur-wanita-smooth-pisau-cukur-isi-4-refill-isi-ulang-paket-isi-2/ps--PGG-18081-01148;1
116;https://www.blibli.com/p/gilllette-venus-alat-cukur-wanita-smooth-razor-4-refill-pisau-cukur-isi-ulang/ps--PGG-18081-01149;1
117;https://www.blibli.com/p/gillette-venus-alat-cukur-wanita-comfortglide-olay-pisau-cukur-isi-4-refill-isi-ulang/ps--PGG-18081-01133;1
118;https://www.blibli.com/p/gillette-venus-alat-cukur-wanita-extra-smooth-pisau-cukur-isi-4-refill-isi-ulang/ps--PGG-18081-01131;1
119;https://www.blibli.com/p/gilllette-venus-alat-cukur-wanita-extra-smooth-razor-pisau-cukur-isi-ulang/ps--PGG-18081-01132;1
120;https://www.blibli.com/p/gilllette-venus-alat-cukur-wanita-smooth-sensitive-razor-pisau-cukur-isi-ulang/ps--PGG-18081-01166;1
121;https://www.blibli.com/p/gillette-venus-krim-alat-cukur-wanita-satin-care-aloe-vera/ps--PGG-18081-01175;1
122;https://www.blibli.com/p/gillette-venus-alat-cukur-wanita-snap-extra-smooth-razor-isi-ulang/ps--PGG-18081-01176;1
123;https://www.blibli.com/p/gillete-mach-3-turbo-3d-alat-cukur-4-refill-free-cover-pisau-cukur/ps--PGG-18081-01171;1
124;https://www.blibli.com/p/gillette-pisau-cukur-silet-goal-5-1-box/pc--MTA-9773237;1
125;https://www.blibli.com/p/head-shoulders-cool-menthol-shampoo-850-ml-2-pcs/ps--PGG-18081-00938;1
126;https://www.blibli.com/p/head-shoulders-lemon-fresh-shampoo-850-ml-2-pcs/pc--MTA-6500779;1
127;https://www.blibli.com/p/head-shoulders-anti-apek-charcoal-shampoo-300-ml-2-pcs/pc--MTA-6817401;1
128;https://www.blibli.com/p/head-shoulders-anti-apek-charcoal-shampoo-300-ml-3-pcs/pc--MTA-6817413;1
129;https://www.blibli.com/p/head-shoulders-anti-apek-charcoal-shampoo-300-ml/pc--MTA-6817190;1
130;https://www.blibli.com/p/head-shoulders-clean-balanced-shampoo-anti-dandruff-anti-ketombe-400-ml/pc--MTA-2969339;1
131;https://www.blibli.com/p/head-shoulders-cool-blast-shampoo-315-ml/pc--MTA-0079053;1
132;https://www.blibli.com/p/head-shoulders-cool-menthol-shampoo-680-ml/pc--MTA-1283152;1
133;https://www.blibli.com/p/head-shoulders-cool-menthol-shampoo-anti-dandruff-anti-ketombe-300-ml/pc--MTA-2968740;1
134;https://www.blibli.com/p/head-shoulders-cool-menthol-shampoo-anti-dandruff-anti-ketombe-400-ml/pc--MTA-2968717;
135;https://www.blibli.com/p/head-shoulders-hair-retain-shampoo-315-ml/pc--GDN-0008068;1
136;https://www.blibli.com/p/head-shoulders-lemon-fresh-anti-dandruff-shampoo-300-ml/pc--MTA-2968901;1
137;https://www.blibli.com/p/head-shoulders-lemon-fresh-shampoo-680-ml-2pcs/pc--MTA-2256657;1
138;https://www.blibli.com/p/head-shoulders-lemon-fresh-anti-dandruff-shampoo-anti-dandruff-anti-ketombe-680-ml/pc--MTA-1575103;1
139;https://www.blibli.com/p/head-shoulders-smooth-silky-shampoo-anti-dandruff-anti-ketombe-400-ml/pc--MTA-2968773;1
140;https://www.blibli.com/p/head-shoulders-supreme-moisture-shampo-anti-dandruff-anti-ketombe-330-ml/pc--MTA-2044981;1
141;https://www.blibli.com/p/head-shoulders-supreme-moisture-shampoo-anti-dandruff-anti-ketombe-480-ml/pc--MTA-2044997;
142;https://www.blibli.com/p/head-shoulders-supreme-smooth-shampo-anti-ketombe-330-ml/pc--MTA-2044957;1
143;https://www.blibli.com/p/head-shoulders-cool-menthol-shampoo-680-ml-2-pcs/pc--MTA-1283162;1
144;https://www.blibli.com/p/head-shoulders-cool-menthol-shampoo-850-ml/ps--PGG-18081-00930;1
145;https://www.blibli.com/p/head-shoulders-lemon-fresh-shampoo-850-ml/pc--MTA-6500657;1
146;https://www.blibli.com/p/head-shoulders-shampoo-anti-gatal-400-ml-paket-isi-2/ps--PGG-18081-01118;1
147;https://www.blibli.com/p/head-shoulders-shampoo-anti-gatal-400-ml-paket-isi-3/ps--PGG-18081-01119;1
148;https://www.blibli.com/p/head-shoulders-shampoo-anti-gatal-300-ml/ps--PGG-18081-01120;
149;https://www.blibli.com/p/head-shoulders-shampoo-anti-gatal-300-ml-paket-isi-2/ps--PGG-18081-01121;1
150;https://www.blibli.com/p/head-shoulders-shampoo-anti-gatal-300-ml-paket-isi-3/ps--PGG-18081-01122;1
151;https://www.blibli.com/p/head-shoulders-shampoo-supreme-anti-hairfall-480-ml/ps--PGG-18081-01123;1
152;https://www.blibli.com/p/head-shoulders-shampoo-supreme-anti-hairfall-480-ml-paket-isi-2/ps--PGG-18081-01124;1
153;https://www.blibli.com/p/head-shoulders-shampoo-supreme-anti-hairfall-480-ml-paket-isi-3/ps--PGG-18081-01125;1
154;https://www.blibli.com/p/head-shoulders-shampoo-anti-apek-400-ml/ps--PGG-18081-01126;1
155;https://www.blibli.com/p/head-shoulders-shampoo-anti-apek-400-ml-paket-isi-2/ps--PGG-18081-01127;1
156;https://www.blibli.com/p/head-shoulders-shampoo-anti-apek-400-ml-paket-isi-3/ps--PGG-18081-01128;1
157;https://www.blibli.com/p/herbal-essences-bio-renew-hydrate-coconut-milk-kondisioner-400-ml/pc--MTA-4346947;1
158;https://www.blibli.com/p/herbal-essences-bio-renew-hydrate-coconut-milk-shampo-400-ml/pc--MTA-4346849;1
159;https://www.blibli.com/p/herbal-essences-bio-renew-repair-argan-oil-of-morocco-kondisioner-400-ml/pc--MTA-4346993;1
160;https://www.blibli.com/p/herbal-essences-bio-renew-repair-argan-oil-of-morocco-shampo-400-ml/pc--MTA-4346981;1
161;https://www.blibli.com/p/herbal-essences-bio-renew-smooth-golden-moringa-oil-kondisioner-400-ml/pc--MTA-4346809;1
162;https://www.blibli.com/p/herbal-essences-bio-renew-smooth-golden-moringa-oil-shampo-400-ml/pc--MTA-4346873;1
163;https://www.blibli.com/p/herbal-essences-moroccan-my-shine-restored-radiance-kondisioner-300-ml/pc--MTA-5603413;1
164;https://www.blibli.com/p/herbal-essences-moroccan-my-shine-restored-radiance-shampo-300-ml/pc--MTA-5603249;1
165;https://www.blibli.com/p/herbal-essences-volume-white-grapefruit-mosa-mint-conditioner-400-ml/pc--MTA-8804946;1
166;https://www.blibli.com/p/herbal-essences-moisture-rosemary-herbs-conditioner-400-ml/pc--MTA-8804990;1
167;https://www.blibli.com/p/herbal-essences-hello-hydration-deep-moisture-shampo-300-ml/pc--MTA-5603185;1
168;https://www.blibli.com/p/herbal-essences-volume-white-grapefruit-mosa-mint-shampoo-400-ml/pc--MTA-8804923;1
169;https://www.blibli.com/p/herbal-essences-moisture-rosemary-herbs-shampoo-400-ml/pc--MTA-8804963;1
170;https://www.blibli.com/p/herbal-essences-shampoo-moroccan-my-shine-300-ml-x-2-conditioner-300-ml/pc--MTA-9773312;1
171;https://www.blibli.com/p/herbal-essences-shampoo-hello-hydration-300-ml-x-2-conditioner-300-ml/pc--MTA-9773316;1
172;https://www.blibli.com/p/herbal-essences-colour-me-happy-300-ml-shampoo-x-2-conditioner-300-ml/pc--MTA-9773362;1
173;https://www.blibli.com/p/herbal-essences-bio-renew-clean-white-strawberry-sweet-mint-shampoo-400-ml-kondisioner/ps--PGG-18081-01158;1
174;https://www.blibli.com/p/herbal-essences-bio-renew-hydrate-coconut-milk-shampoo-400-ml-kondisioner/ps--PGG-18081-01159;1
175;https://www.blibli.com/p/herbal-essences-bio-renew-repair-argan-oil-of-morocco-shampoo-400-ml-kondisioner/ps--PGG-18081-01160;1
176;https://www.blibli.com/p/herbal-essences-bio-renew-moisture-rosemary-and-herbs-shampoo-400-ml-conditioner-400-ml/ps--PGG-18081-01161;1
177;https://www.blibli.com/p/herbal-essences-bio-renew-volume-white-grapefruit-and-mosa-mint-shampoo-400-ml-conditioner-400-ml/ps--PGG-18081-01162;1
178;https://www.blibli.com/p/olay-ritual-retinol-anti-aging-krim-pagi-krim-malam-50-g-serum-malam-30-ml/pc--MTA-9160460;1
179;https://www.blibli.com/p/whs-olay-ritual-retinol-anti-aging-krim-pagi-50-g-serum-malam-30-ml/ps--OLY-60021-00619?ds=OLY-60021-00619-00001&source=SEARCH&sid=000e9fa8dc153162&cnc=true&pickupPointCode=PP-3035142&pid=OLY-60021-00619&tag=new;1
180;https://www.blibli.com/p/olay-ritual-retinol-anti-aging-krim-pagi-krim-malam-50-g-eye-cream-malam-15-ml/pc--MTA-9160590;1
181;https://www.blibli.com/p/lebih-hemat-olay-whips-power-duo-pencerah-anti-aging/ps--OLY-60021-00305;1
182;https://www.blibli.com/p/olay-regenerist-retinol-24-serum-30-ml-paket-isi-2/pc--MTA-9806652;1
183;https://www.blibli.com/p/lebih-hemat-olay-set-pencerah-whitening-luminous-day-cream-50gr-night-cream-50gr-essence-30ml-luminous/ps--OLY-60021-00321;1
184;https://www.blibli.com/p/olay-advanced-anti-aging-pelembab-regenerist-micro-sculpting-serum-50-ml/pc--WM-0000075;1
185;https://www.blibli.com/p/olay-total-effects-set-perawatan-malam-paket-bundle/pc--MTA-4067633;1
186;https://www.blibli.com/p/olay-moisturising-lotion-cream-wajah-75-ml/ps--OLY-60021-00084;1
187;https://www.blibli.com/p/olay-total-effects-7-in-one-foaming-cleanser-100-g/ps--OLY-60021-00042;1
188;https://www.blibli.com/p/olay-regenerist-advanced-anti-ageing-revitalising-eye-serum/ps--OLY-60021-00015;1
189;https://www.blibli.com/p/olay-regenerist-revitalising-hydration-uv-cream-50-g/ps--OLY-60021-00040;1
190;https://www.blibli.com/p/olay-regenerist-revitalising-cream-cleanser-100gr/ps--OLY-60021-00013;1
191;https://www.blibli.com/p/olay-anti-aging-pelembab-total-effects-day-cream-normal-7-in-1-20gr/ps--OLY-60021-00028;
192;https://www.blibli.com/p/olay-anti-aging-krim-pelembab-total-effects-serum-7-in-1-50ml/pc--MTA-0778049;1
193;https://www.blibli.com/p/olay-total-effects-7-in-one-day-cream-normal-krim-pelembab-50g/ps--OLY-60021-00102;1
194;https://www.blibli.com/p/olay-total-effects-7-in-one-foaming-cleanser-50-g/ps--OLY-60021-00043;1
195;https://www.blibli.com/p/olay-advanced-anti-aging-regenerist-youth-pre-essence-40-ml/ps--OLY-60021-00093;1
196;https://www.blibli.com/p/olay-total-effects-7-in-one-anti-aging-night-krim-pelembab-50g/ps--OLY-60021-00031;1
197;https://www.blibli.com/p/olay-set-perawatan-anti-aging-krim-pelembab/ps--OLY-60021-00286;1
198;https://www.blibli.com/p/olay-anti-aging-pelembab-total-effects-day-cream-gentle-spf-15-7-in-1-50gr/ps--OLY-60021-00109;1
199;https://www.blibli.com/p/olay-total-effects-7-in-one-day-cream-normal-spf-15-12-gr/ps--OLY-60021-00087;1
200;https://www.blibli.com/p/olay-advanced-anti-aging-set-perawatan-kulit/pc--MTA-4621758;
201;https://www.blibli.com/p/olay-ritual-esens-anti-aging/ps--OLY-60021-00162;1
202;https://www.blibli.com/p/olay-retinol-24-night-serum-essence-anti-aging-dengan-vitamin-b3-untuk-peremajaan-kulit-30ml/ps--OLY-60021-00302;1
203;https://www.blibli.com/p/olay-set-perawatan-kulit-normal-skincare-cream-wajah-glowing-krim-wajah-bpom-krim-pelembab/pc--MTA-1664223;
204;https://www.blibli.com/p/olay-ritual-malam-anti-aging-krim-pelembab-sabun-muka/ps--OLY-60021-00069;1
205;https://www.blibli.com/p/olay-whitening-pencerah-white-radiance-night-restoring-cream-50g/ps--OLY-60021-00053;1
206;https://www.blibli.com/p/olay-anti-aging-krim-pelembab-total-effects-touch-of-foundation-bb-cream-spf-15-7-in-1-50gr/pc--UK-0022433;1
207;https://www.blibli.com/p/olay-anti-aging-pelembab-total-effects-day-cream-normal-spf-15-7-in-1-50gr/ps--OLY-60021-00110;
208;https://www.blibli.com/p/olay-regenerist-advanced-anti-ageing-revitalising-night-cream-perawatan-wajah/ps--OLY-60021-00014;1
209;https://www.blibli.com/p/olay-paket-serum-anti-aging-2-pcs/pc--MTA-5017406;
210;https://www.blibli.com/p/olay-regenerist-whip-active-moisturizer-uv-krim-pelembab-50-g/ps--OLY-60021-00288;1
211;https://www.blibli.com/p/olay-anti-aging-pelembab-total-effects-day-cream-normal-spf-15-7-in-1-20gr/ps--OLY-60021-00029;1
212;https://www.blibli.com/p/olay-white-radiance-whip-50-g/ps--OLY-60021-00177;1
213;https://www.blibli.com/p/olay-regenerist-mircro-sculpting-cream-night-50-g/ps--OLY-60021-00059;
214;https://www.blibli.com/p/olay-white-radiance-light-perfecting-essence-30-ml/ps--OLY-60021-00170;1
215;https://www.blibli.com/p/olay-white-radiance-whip-active-moisturizer-uv-krim-50-g/pc--MTA-6989618;1
216;https://www.blibli.com/p/olay-set-perawatan-kulit-sensitif-skincare-cream-wajah-glowing-krim-wajah-bpom-krim-pelembab/pc--MTA-1664215;1
217;https://www.blibli.com/p/olay-ritual-pelembab-anti-aging-skincare-cream-wajah-glowing-krim-wajah-bpom-krim-pelembab/pc--MTA-1501544;
218;https://www.blibli.com/p/olay-anti-aging-pelembab-total-effects-day-cream-gentle-7-in-1-50gr/ps--OLY-60021-00071;1
219;https://www.blibli.com/p/olay-regenerist-whip-active-moisturizer-krim-50-g/ps--OLY-60021-00173;1
220;https://www.blibli.com/p/olay-regenerist-ritual-pelembab-dan-serum-anti-aging-olay-reg-msc-day-cream-50-g-olay-reg-msc-night-cream-50-g-olay-reg-msc-serum-50-ml/pc--MTA-6393738;1
221;https://www.blibli.com/p/olay-regenerist-whip-active-moisturiser-krim-10-g/ps--OLY-60021-00174;1
222;https://www.blibli.com/p/olay-regenerist-retinol-24-night-pelembab-eye-cream-15-ml/pc--MTA-8212871;1
223;https://www.blibli.com/p/lebih-hemat-olay-ritual-krim-pelembab-pagi-malam-regenerist-niacinamide-masker-wajah-anti-aging-skin-care-sheet-mask/ps--OLY-60021-00428;1
224;https://www.blibli.com/p/olay-ritual-serum-wajah-anti-aging-paket-perawatan-kulit/ps--OLY-60021-00082;1
225;https://www.blibli.com/p/lebih-hemat-olay-regenerist-ritual-set-lengkap-anti-aging/ps--OLY-60021-00340;1
226;https://www.blibli.com/p/olay-anti-aging-set-perawatan-kulit/ps--OLY-60021-00211;1
227;https://www.blibli.com/p/olay-total-effects-7-in-1-day-cream-dan-night-cream-paket-perawatan-kulit-pelembab-wajah-anti-aging-moisturizer-dan-krim-malam/ps--OLY-60021-00064;1
228;https://www.blibli.com/p/olay-white-radiance-niacinamide-cica-super-serum-30-ml/ps--OLY-60021-00332;
229;https://www.blibli.com/p/olay-white-radiance-niacinamide-hyaluronic-super-serum-30-ml/ps--OLY-60021-00330;1
230;https://www.blibli.com/p/olay-retinol-24-night-moisturizer-pelembab-wajah-anti-aging-pencerah-wajah-dan-menghidrasi-kulit-50g/ps--OLY-60021-00303;
231;https://www.blibli.com/p/oral-b-all-rounder-herbal-sikat-gigi-1s/ps--PGG-18081-01104;1
232;https://www.blibli.com/p/oral-b-all-rounder-herbal-sikat-gigi-3s-paket-isi-2/ps--PGG-18081-01106;1
233;https://www.blibli.com/p/oral-b-all-rounder-herbal-sikat-gigi-3s-paket-isi-3/ps--PGG-18081-01107;1
234;https://www.blibli.com/p/oral-b-all-rounder-herbal-sikat-gigi-3s-paket-isi-6/ps--PGG-18081-01108;1
235;https://www.blibli.com/p/oral-b-advantage-complete-whitening-sikat-gigi-40-medium/pc--UK-0042986;1
236;https://www.blibli.com/p/oral-b-all-rounder-fresh-clean-black-single-pack-sikat-gigi/pc--MTA-5602963;1
237;https://www.blibli.com/p/oral-b-crossaction-pro-health-superior-clean-sikat-gigi-medium/pc--GDN-0008045;1
238;https://www.blibli.com/p/oral-b-dental-satin-floss-50-m/pc--MTA-5602903;1
239;https://www.blibli.com/p/oral-b-pro-health-clinical-pro-flex-sikat-gigi-soft/pc--UK-0042995;1
240;https://www.blibli.com/p/oral-b-prohealth-multi-protection-refreshing-clean-mint-rinse-500-ml/ps--PGG-18081-00670;
241;https://www.blibli.com/p/oral-b-tooth-gum-care-pasta-gigi-100-ml/pc--MTA-7550302;1
242;https://www.blibli.com/p/oral-b-ultra-thin-compact-soft-sikat-gigi-1-pcs/pc--MTA-2486865;1
243;https://www.blibli.com/p/oral-b-ultrathin-green-tea-sikat-gigi-3-pcs/ps--PGG-18081-00993;1
244;https://www.blibli.com/p/oral-b-123-medium-sikat-gigi-3-pcs/pc--MTA-2486864;
245;https://www.blibli.com/p/oral-b-complete-whitening-soft-sikat-gigi/pc--MTA-2487137;1
246;https://www.blibli.com/p/oral-b-pro-health-clinical-pro-flex-soft-sikat-gigi-2-pcs/pc--MTA-2487402;1
247;https://www.blibli.com/p/oral-b-ultra-thin-compact-soft-sikat-gigi-3-pcs/pc--MTA-2486868;1
248;https://www.blibli.com/p/oral-b-ultra-thin-pro-gum-care-sikat-gigi-1-pc/pc--MTA-2486869;1
249;https://www.blibli.com/p/oral-b-ultrathin-black-tea-sikat-gigi/pc--MTA-2487028;1
250;https://www.blibli.com/p/oral-b-ultrathin-black-tea-sikat-gigi-3-pcs/pc--MTA-2487135;1
251;https://www.blibli.com/p/oral-b-ultrathin-green-tea-sikat-gigi/pc--MTA-2486872;1
252;https://www.blibli.com/p/oral-b-dental-essential-floss-50-m/pc--MTA-5602851;1
253;https://www.blibli.com/p/oral-b-stages-2-sikat-gigi-anak/ps--BLP-60063-00003;1
254;https://www.blibli.com/p/oral-b-stages-3-sikat-gigi-anak/ps--BLP-60063-00004;1
255;https://www.blibli.com/p/oral-b-stages-4-sikat-gigi-anak/ps--BLP-60063-00008;1
256;https://www.blibli.com/p/oral-b-stages-1-sikat-gigi-anak/ps--BLP-60063-00002;1
257;https://www.blibli.com/p/oral-b-all-rounder-fresh-clean-black-family-pack-sikat-gigi/pc--MTA-5603067;1
258;https://www.blibli.com/p/oral-b-123-soft-sikat-gigi-2-pcs/pc--MTA-2486607;1
259;https://www.blibli.com/p/oral-b-sikat-gigi-all-rounder-fresh-clean-black-3s-paket-isi-3/pc--MTA-9773526;1
260;https://www.blibli.com/p/oral-b-sikat-gigi-all-rounder-microthin-2s-paket-isi-2/pc--MTA-9773535;1
261;https://www.blibli.com/p/oral-b-sikat-gigi-all-rounder-microthin-2s-paket-isi-3/pc--MTA-9773539;1
262;https://www.blibli.com/p/oral-b-sikat-gigi-all-rounder-microthin-3s-paket-isi-3/pc--MTA-9773554;1
263;https://www.blibli.com/p/oral-b-sikat-gigi-all-rounder-microthin-3s-paket-isi-6/pc--MTA-9773561;1
264;https://www.blibli.com/p/oral-b-sikat-gigi-all-rounder-microthin-4s-paket-isi-2/pc--MTA-9773569;1
265;https://www.blibli.com/p/oral-b-sikat-gigi-all-rounder-microthin-4s-paket-isi-3/pc--MTA-9773574;1
266;https://www.blibli.com/p/oral-b-sikat-gigi-all-rounder-microthin-4s-paket-isi-6/pc--MTA-9774241;1
267;https://www.blibli.com/p/oral-b-sikat-gigi-all-rounder-gum-protect-2s-paket-isi-6/pc--MTA-9774250;1
268;https://www.blibli.com/p/oral-b-sikat-gigi-all-rounder-gum-protect-3s-paket-isi-2/pc--MTA-9774251;1
269;https://www.blibli.com/p/oral-b-sikat-gigi-all-rounder-gum-protect-3s-paket-isi-3/pc--MTA-9774258;1
270;https://www.blibli.com/p/oral-b-sikat-gigi-all-rounder-gum-protect-3s-paket-isi-6/pc--MTA-9774261;1
271;https://www.blibli.com/p/oral-b-sikat-gigi-complete-whitening-soft-2s-paket-isi-2/pc--MTA-9773470;1
272;https://www.blibli.com/p/oral-b-sikat-gigi-complete-whitening-soft-2s-paket-isi-3/ps--PGG-18081-01058;1
273;https://www.blibli.com/p/oral-b-tooth-and-gum-care-paste-paket-isi-3/pc--MTA-9774266;1
274;https://www.blibli.com/p/oral-b-stages-4-sikat-gigi-anak-3-pcs/ps--BLP-60063-00005;1
275;https://www.blibli.com/p/pantene-paket-conditioner-micellar-cleanse-and-hydrate-530-ml-isi-2/ps--PGG-18081-01146;1
276;https://www.blibli.com/p/pantene-paket-conditioner-micellar-cleanse-and-hydrate-300-ml-isi-2/ps--PGG-18081-01145;1
277;https://www.blibli.com/p/pantene-paket-shampoo-micellar-cleanse-and-hydrate-530-ml-isi-2/ps--PGG-18081-01142;1
278;https://www.blibli.com/p/pantene-paket-shampoo-micellar-cleanse-and-hydrate-300-ml-isi-2/ps--PGG-18081-01141;1
279;https://www.blibli.com/p/pantene-paket-shampoo-micellar-cleanse-and-hydrate-530-ml-conditioner-530-ml/ps--PGG-18081-01139;1
280;https://www.blibli.com/p/pantene-nature-care-fullness-life-shampoo-290-ml/pc--MTA-5646356;
281;https://www.blibli.com/p/pantene-smooth-silky-shampoo-290-ml/pc--MTA-7268707;1
282;https://www.blibli.com/p/pantene-shampoo-hair-fall-control-1800-ml/ps--PGG-18081-01101;1
283;https://www.blibli.com/p/pantene-anti-dandruff-shampoo-400-ml-2-pcs/pc--MTA-3857158;1
284;https://www.blibli.com/p/pantene-hair-fall-control-shampoo-400-ml-3-pcs/pc--MTA-3857138;1
285;https://www.blibli.com/p/pantene-shampoo-hair-fall-control-1800-ml-2-pcs/ps--PGG-18081-01102;1
286;https://www.blibli.com/p/pantene-shampoo-hair-fall-control-1800-ml-3-pcs/ps--PGG-18081-01103;1
287;https://www.blibli.com/p/pantene-shampoo-hair-fall-control-400-ml/pc--MTA-3405868;1
288;https://www.blibli.com/p/pantene-daily-moisture-repair-shampoo-290-ml/pc--MTA-5646692;1
289;https://www.blibli.com/p/pantene-anti-dandruff-shampoo-400-ml-3-pcs/pc--MTA-7555259;1
290;https://www.blibli.com/p/pantene-hairfall-shampoo-1200-ml-2-pcs/pc--MTA-6500669;1
291;https://www.blibli.com/p/pantene-anti-dandruff-shampoo-1200-ml-2-pcs/pc--MTA-6500740;1
292;https://www.blibli.com/p/pantene-shampoo-anti-dandruff-quantum-750-ml/ps--PGG-18081-00110;1
293;https://www.blibli.com/p/pantene-anti-dandruff-shampoo-1200-ml-3-pcs/pc--MTA-6500746;1
294;https://www.blibli.com/p/pantene-anti-dandruff-shampoo-1200-ml/pc--MTA-6500643;1
295;https://www.blibli.com/p/pantene-anti-dandruff-shampoo-290-ml/pc--MTA-5646678;1
296;https://www.blibli.com/p/pantene-anti-dandruff-shampoo-750-ml-3-pcs/pc--MTA-1011279;1
297;https://www.blibli.com/p/pantene-anti-dandruff-shampoo-900-ml/pc--MTA-0804416;1
298;https://www.blibli.com/p/pantene-hair-fall-control-shampoo-900-ml/pc--MTA-0595901;1
299;https://www.blibli.com/p/pantene-hairfall-shampoo-1200-ml-3-pcs/pc--MTA-6500680;1
300;https://www.blibli.com/p/pantene-hairfall-shampoo-1200-ml/pc--MTA-6500615;1
301;https://www.blibli.com/p/pantene-pro-v-anti-lepek-shampoo-290-ml/pc--MTA-7268683;1
302;https://www.blibli.com/p/pantene-pro-v-anti-lepek-shampoo-750-ml/ps--PGG-18081-00482;1
303;https://www.blibli.com/p/pantene-pro-v-gold-series-black-glossy-kondisioner-190-ml/pc--MTA-4402180;1
304;https://www.blibli.com/p/pantene-pro-v-gold-series-black-glossy-sampo-270-ml/pc--MTA-4385246;
305;https://www.blibli.com/p/pantene-pro-v-gold-series-smooth-sleek-kondisioner-190-ml/pc--MTA-4385236;1
306;https://www.blibli.com/p/pantene-shampoo-aqua-pure-200-ml/ps--PGG-18081-00103;1
307;https://www.blibli.com/p/pantene-pro-v-gold-series-smooth-sleek-sampo-270-ml/pc--MTA-4402045;1
308;https://www.blibli.com/p/pantene-pro-v-gold-series-strong-thick-kondisioner-190-ml/pc--MTA-4385319;1
309;https://www.blibli.com/p/pantene-pro-v-gold-series-strong-thick-kondisioner-320-ml/pc--MTA-4385260;1
310;https://www.blibli.com/p/pantene-pro-v-gold-series-strong-thick-sampo-270-ml/pc--MTA-4402229;1
311;https://www.blibli.com/p/pantene-pro-v-gold-series-strong-thick-sampo-450-ml/ps--PGG-18081-00882;1
312;https://www.blibli.com/p/pantene-shampoo-hair-fall-control-290ml/ps--PGG-18081-01038;1
313;https://www.blibli.com/p/pantene-shampoo-anti-dandruff-900-ml-2-pcs/pc--MTA-1011260;1
314;https://www.blibli.com/p/pantene-shampoo-aqua-pure-400-ml/pc--UK-0019661;1
315;https://www.blibli.com/p/pantene-shampoo-aqua-pure-750-ml/pc--MTA-0804410;1
316;https://www.blibli.com/p/pantene-shampoo-hairfall-control-900-ml-2-pcs/pc--MTA-1011264;1
317;https://www.blibli.com/p/pantene-shampoo-hairfall-control-quantum-750-ml/pc--MTA-0079603;1
318;https://www.blibli.com/p/pantene-smooth-silky-control-shampoo-400-ml/pc--MTA-5646732;1
319;https://www.blibli.com/p/pantene-total-damage-care-quantum-shampoo-750-ml-3-pcs/pc--MTA-0989062;1
320;https://www.blibli.com/p/pantene-total-damage-care-shampoo-1200-ml-2-pcs/pc--MTA-6500725;1
321;https://www.blibli.com/p/pantene-total-damage-care-shampoo-1200-ml-3-pcs/pc--MTA-6500731;1
322;https://www.blibli.com/p/pantene-total-damage-care-shampoo-1200-ml/ps--PGG-18081-00928;1
323;https://www.blibli.com/p/pantene-shampoo-total-damage-care-quantum-750-ml/ps--PGG-18081-00113;1
324;https://www.blibli.com/p/pantene-total-damage-care-shampoo-900-ml-3-pcs/pc--MTA-0989068;1
325;https://www.blibli.com/p/pantene-shampoo-total-damage-care-900-ml/ps--PGG-18081-00177;1
326;https://www.blibli.com/p/pantene-hairfall-control-shampoo-750-ml-2-pcs/pc--MTA-1011272;1
327;https://www.blibli.com/p/pantene-hairfall-control-shampoo-750-ml-3-pcs/pc--MTA-1011291;1
328;https://www.blibli.com/p/pantene-shampoo-anti-dandruff-400-ml/pc--MTA-3405746;1
329;https://www.blibli.com/p/pantene-pro-v-anti-lepek-shampoo-480-ml/ps--PGG-18081-01091;1
330;https://www.blibli.com/p/pantene-pro-v-gold-series-smooth-sleek-shampo-450-ml/ps--PGG-18081-00884;1
331;https://www.blibli.com/p/pantene-shampoo-anti-dandruff-750-ml-2-pcs-free-pantene-miracles-collagen-repair-hair-mask-20-ml-paket-isi-2/ps--PGG-18081-01269;1
332;https://www.blibli.com/p/pantene-shampoo-anti-lepek-900ml-3-pcs/pc--MTA-9774286;1
333;https://www.blibli.com/p/pantene-shampoo-anti-lepek-900ml-2-pcs/pc--MTA-9774282;1
334;https://www.blibli.com/p/pantene-shampoo-anti-lepek-900ml/pc--MTA-9774281;1
335;https://www.blibli.com/p/pantene-shampoo-micellar-cleanse-and-hydrate-300-ml/ps--PGG-18081-01135;1
336;https://www.blibli.com/p/pantene-shampoo-micellar-cleanse-and-hydrate-530-ml/ps--PGG-18081-01136;1
337;https://www.blibli.com/p/pantene-conditioner-micellar-cleanse-and-hydrate-300-ml/ps--PGG-18081-01143;1
338;https://www.blibli.com/p/pantene-conditioner-micellar-cleanse-and-hydrate-530-ml/ps--PGG-18081-01144;1
339;https://www.blibli.com/p/pantene-paket-shampoo-micellar-cleanse-and-hydrate-300-ml-conditioner-300-ml/ps--PGG-18081-01137;1
340;https://www.blibli.com/p/pantene-paket-shampoo-micellar-cleanse-and-hydrate-300-ml-x-2-conditioner-300-ml/ps--PGG-18081-01138;1
341;https://www.blibli.com/p/pantene-paket-shampoo-micellar-cleanse-and-hydrate-530-ml-x2-conditioner-530-ml/ps--PGG-18081-01140;1
342;https://www.blibli.com/p/rejoice-rich-shampoo-600-ml-2-pcs/pc--MTA-2046287;1
343;https://www.blibli.com/p/rejoice-3-in-1-conditioner-320-ml/pc--MTA-1271415;1
344;https://www.blibli.com/p/rejoice-3-in-1-shampoo-340-ml/pc--MTA-1270309;1
345;https://www.blibli.com/p/rejoice-3-in-1-perfect-conditioning-kondisioner-170-ml-2-pcs/pc--MTA-3387449;1
346;https://www.blibli.com/p/rejoice-3-in-1-perfect-conditioning-kondisioner-320-ml-2-pcs/pc--MTA-3387485;1
347;https://www.blibli.com/p/rejoice-3-in-1-perfect-conditioning-kondisioner-320-ml-3-pcs/pc--MTA-3387494;1
348;https://www.blibli.com/p/rejoice-3-in-1-perfect-conditioning-kondisioner-320-ml/pc--MTA-3387465;1
349;https://www.blibli.com/p/rejoice-3-in-1-perfect-cool-shampoo-340-ml-2-pcs/pc--MTA-3387619;1
350;https://www.blibli.com/p/rejoice-3-in-1-perfect-cool-shampoo-340-ml/pc--MTA-3387612;1
351;https://www.blibli.com/p/rejoice-3-in-1-perfect-perfume-shampoo-170-ml-3-pcs/pc--MTA-3387838;
352;https://www.blibli.com/p/rejoice-3-in-1-perfect-perfume-shampoo-340-ml-2-pcs/pc--MTA-3387869;1
353;https://www.blibli.com/p/rejoice-3-in-1-perfect-perfume-shampoo-340-ml-3-pcs/pc--MTA-3387880;
354;https://www.blibli.com/p/rejoice-3-in-1-perfect-perfume-shampoo-340-ml/pc--MTA-3387860;
355;https://www.blibli.com/p/rejoice-anti-frizz-shampoo-340-ml/pc--MTA-1270340;1
356;https://www.blibli.com/p/rejoice-anti-hair-fall-shampoo-340-ml/pc--MTA-1270347;1
357;https://www.blibli.com/p/rejoice-moisture-smooth-shampoo-600-ml/pc--MTA-7139830;1
358;https://www.blibli.com/p/rejoice-parfum-lembut-shampoo-340-ml/ps--PGG-18081-00487;1
359;https://www.blibli.com/p/rejoice-parfum-segar-shampoo-340-ml/pc--MTA-1742109;1
360;https://www.blibli.com/p/rejoice-rich-shampoo-340-ml-2-pcs/pc--MTA-1406811;1
361;https://www.blibli.com/p/rejoice-rich-shampoo-340-ml/pc--MTA-1011199;1
362;https://www.blibli.com/p/rejoice-shampoo-3in1-340-ml-2-pcs/pc--MTA-1406815;1
363;https://www.blibli.com/p/rejoice-silky-black-shampoo-340-ml/pc--MTA-1270364;1
364;https://www.blibli.com/p/rejoice-rich-conditioner-320-ml/pc--MTA-1011202;1
365;https://www.blibli.com/p/rejoice-rich-shampoo-600-ml/pc--MTA-1011201;1
366;https://www.blibli.com/p/gillette-simply-venus-basic-pisau-cukur-2-pcs/pc--MTA-2344724;1
367;https://www.blibli.com/p/gillette-simply-venus-hybrid-razor-pisau-cukur-1-gagang-4-refills/pc--MTA-6384114;1
368;https://www.blibli.com/p/gilllette-venus-alat-cukur-wanita-comfortglide-razor-pisau-cukur-isi-ulang/ps--PGG-18081-01168;1
369;https://www.blibli.com/p/gillette-venus-alat-cukur-wanita-comfortglide-pisau-cukur-isi-4-refill-white-tea-isi-ulang/ps--PGG-18081-01167;1
370;https://www.blibli.com/p/gillette-venus-sensitive-disposable-razor-3-razors/pc--MTA-6384109;1
371;https://www.blibli.com/p/vicks-inhaler-balsem/ps--PGG-18081-00846;1
372;https://www.blibli.com/p/vicks-inhaler-keychain-balsem/ps--PGK-60021-00022;1
373;https://www.blibli.com/p/vicks-vaporub-balsem-obat-gosok-25-g/ps--PGK-60021-00017;
374;https://www.blibli.com/p/vicks-vaporub-balsem-obat-gosok-10-g/ps--PGK-60021-00016;1
375;https://www.blibli.com/p/vicks-vaporub-balsem-obat-gosok-50-g/pc--MTA-3984375;1
376;https://www.blibli.com/p/whisper-heavy-flow-overnights-wings-pembalut-8s/ps--PGG-18081-00359;1
377;https://www.blibli.com/p/whisper-regular-flow-wings-10s/pc--MTA-0807916;1
378;https://www.blibli.com/p/whisper-regular-flow-wings-20s/pc--MTA-0807909;1
379;https://www.blibli.com/p/whisper-reguler-flow-wings-pembalut-40-pcs/ps--PGG-18081-00307;1
380;https://www.blibli.com/p/downy-sunrise-fresh-pewangi-pelembut-pakaian-biru-1-55-l-refill-2-pcs/pc--MTA-6059148;1
381;https://www.blibli.com/p/downy-sports-fresh-pelembut-pewangi-pakaian-720-ml-3-pcs-kemasan-refill/pc--MTA-3135213;1
382;https://www.blibli.com/p/downy-sunrise-fresh-pewangi-dan-pelembut-pakaian-konsentrat-1-l-refill-2-pcs/ps--DOS-60031-00303;1
383;https://www.blibli.com/p/downy-sports-fresh-pewangi-dan-pelembut-pakaian-konsentrat-650-ml-kemasan-refil-isi-2-pcs/ps--DOS-60031-00521;1
384;https://www.blibli.com/p/downy-floral-pink-pewangi-pelembut-pakaian-780-ml-refill-3-pcs/pc--MTA-6061383;1
385;https://www.blibli.com/p/downy-perfume-sweet-heart-pink-pewangi-pakaian-reffil-720-ml-2-pcs/pc--MTA-3588507;1
386;https://www.blibli.com/p/downy-floral-pink-pewangi-pakaian-780-ml-refill-2-pcs/pc--MTA-6061273;1
387;https://www.blibli.com/p/downy-sunrise-fresh-pewangi-pakaian-1-05-l-kemasan-refill-3-pcs/pc--MTA-4119981;1
388;https://www.blibli.com/p/downy-sunrise-fresh-pewangi-pakaian-780-ml-refill-2-pcs/pc--MTA-6059118;1
389;https://www.blibli.com/p/downy-daring-pewangi-dan-pelembut-pakaian-konsentrat-680-ml-2-pcs-kemasan-refill/ps--DOS-60031-00121;1
390;https://www.blibli.com/p/downy-daring-pewangi-dan-pelembut-pakaian-720-ml-3-pcs-kemasan-refill/pc--MTA-3789126;1
391;https://www.blibli.com/p/downy-perfume-sweet-heart-pink-pewangi-dan-pelembut-pakaian-konsentrat-650ml-refill-isi-4-pcs/ps--DOS-60031-00655;1
392;https://www.blibli.com/p/downy-perfume-sweet-heart-pink-pewangi-pelembut-pakaian-720-ml-3-pcs-kemasan-refill/pc--MTA-3488313;1
393;https://www.blibli.com/p/gillette-blue-2-disposable-razor-pisau-cukur-isi-5-1/pc--MTA-1387314;
394;https://www.blibli.com/p/head-shoulders-cool-menthol-shampoo-300-ml-2-pcs/ps--PGG-18081-00420;1
395;https://www.blibli.com/p/head-shoulders-anti-apek-charcoal-shampoo-160-ml-2-pcs/pc--MTA-6817368;1
396;https://www.blibli.com/p/head-shoulders-anti-apek-charcoal-shampoo-160-ml-3-pcs/pc--MTA-6817388;1
397;https://www.blibli.com/p/head-shoulders-anti-hair-fall-shampoo-anti-dandruff-anti-ketombe-300-ml/pc--MTA-2968765;1
398;https://www.blibli.com/p/head-shoulders-cool-menthol-shampoo-anti-dandruff-anti-ketombe-400-ml-2-pcs/pc--MTA-6341820;1
399;https://www.blibli.com/p/head-shoulders-smooth-silky-shampoo-300-ml/ps--PGG-18081-00731;1
400;https://www.blibli.com/p/head-shoulders-clean-balanced-shampoo-300-ml/ps--PGG-18081-00732;1
401;https://www.blibli.com/p/pantene-shampoo-long-black-290-ml/pc--MTA-2142372;1
402;https://www.blibli.com/p/herbal-essences-colour-me-happy-colour-safe-kondisioner-300-ml/pc--MTA-5603469;1
403;https://www.blibli.com/p/herbal-essences-hello-hydration-deep-moisture-kondisioner-300-ml/pc--MTA-5603367;1
404;https://www.blibli.com/p/herbal-essences-colour-me-happy-colour-safe-shampo-300-ml/ps--PGG-18081-00906;1
405;https://www.blibli.com/p/oral-b-stages-2-sikat-gigi-anak-3-pcs/ps--BLP-60063-00001;
406;https://www.blibli.com/p/gillette-daisy-classic-moisture-smooth-strip-disposable-alat-cukur-wanita-5s-2-pcs/ps--PGG-18081-00607;1
407;https://www.blibli.com/p/oral-b-tooth-and-gum-care-paste-paket-isi-6/pc--MTA-9774268;1
408;https://www.blibli.com/p/oral-b-all-rounder-herbal-sikat-gigi-3s/ps--PGG-18081-01105;1
409;https://www.blibli.com/p/oral-b-sikat-gigi-complete-whitening-soft-2s-paket-isi-6/ps--PGG-18081-01059;1
410;https://www.blibli.com/p/oral-b-sikat-gigi-pro-health-clinical-pro-flex-soft-2s-paket-isi-6/pc--MTA-9773446;1
411;https://www.blibli.com/p/oral-b-sikat-gigi-cross-action-pro-health-7-benefit-soft-2s-paket-isi-2/ps--PGG-18081-01054;1
412;https://www.blibli.com/p/oral-b-sikat-gigi-all-rounder-fresh-clean-black-3s-paket-isi-6/pc--MTA-9773530;1
413;https://www.blibli.com/p/oral-b-sikat-gigi-all-rounder-123-2s-paket-isi-3/pc--MTA-9773503;1
414;https://www.blibli.com/p/oral-b-sikat-gigi-all-rounder-fresh-clean-black-3s-paket-isi-2/pc--MTA-9773521;1
415;https://www.blibli.com/p/oral-b-sikat-gigi-pro-health-clinical-pro-flex-soft-2-s-paket-isi-2/pc--MTA-9773435;1
416;https://www.blibli.com/p/oral-b-sikat-gigi-pro-health-clinical-pro-flex-soft-2s-paket-isi-3/pc--MTA-9773439;1
417;https://www.blibli.com/p/oral-b-sikat-gigi-all-rounder-123-2s-paket-isi-2/pc--MTA-9773490;1
418;https://www.blibli.com/p/oral-b-sikat-gigi-all-rounder-microthin-3s-paket-isi-2/pc--MTA-9773547;1
419;https://www.blibli.com/p/oral-b-sikat-gigi-all-rounder-123-2s-paket-isi-6/pc--MTA-9773512;1
420;https://www.blibli.com/p/oral-b-sikat-gigi-all-rounder-microthin-2s-paket-isi-6/pc--MTA-9773542;1
421;https://www.blibli.com/p/gillette-venus-comfortglide-white-tea-razor-alat-cukur-wanita-4-refills/ps--PGG-18081-00922;1
422;https://www.blibli.com/p/gillette-venus-smooth-sensitive-refill-pisau-cukur-razor-wanita-4-refills/pc--MTA-6384098;1
423;https://www.blibli.com/p/head-shoulders-shampoo-itch-care-400-ml/ps--PGG-18081-01117;
424;https://www.blibli.com/p/olay-ritual-retinol-anti-aging-krim-pagi-50-g-krim-malam-50-g/ps--OLY-60021-00313;1
425;https://www.blibli.com/p/pantene-hair-fall-control-shampoo-400-ml-2-pcs/ps--PGG-18081-01035;1
426;https://www.blibli.com/p/gillette-isi-ulang-vector-refill-pisau-cukur-razor-isi-2/ps--PGG-18081-00286;1
427;https://www.blibli.com/p/gillette-pisau-cukur-blue-3-biru-isi-4/pc--MTA-1010240;1
428;https://www.blibli.com/p/surabaya-gillette-mach3-turbo-cart-pisau-cukur-4-s/ps--PGS-60022-00175;1
429;https://www.blibli.com/p/gillette-pisau-cukur-wanita-daisy-plus-isi-2/pc--MTA-1010275;1
430;https://www.blibli.com/p/gillette-pisau-cukur-vector-razor/pc--MTA-1010290;1
431;https://www.blibli.com/p/gillette-pisau-cukur-blue-3-ice-isi-4/pc--MTA-1010227;1
432;https://www.blibli.com/p/head-shoulders-lemon-fresh-anti-dandruff-shampoo-400-ml/pc--MTA-2969347;1
433;https://www.blibli.com/p/rejoice-parfum-lembut-shampoo-340-ml-2-pcs/ps--PGG-18081-01022;1
434;https://www.blibli.com/p/downy-pewangi-dan-pelembut-pakaian-konsentrat-french-lavender-1-45-l-paket-isi-3/ps--DOS-60031-00470;1
435;https://www.blibli.com/p/gillette-mach3-content-4-cartridges-pisau-cukur-2-pcs/ps--PGG-18081-01024;1
436;https://www.blibli.com/p/gillette-shaving-foam-krim-alat-cukur-foamy-lemon-lime-175-gr-2-pcs/ps--PGG-18081-01025;1
437;https://www.blibli.com/p/gillette-fusion5-proglide-pisau-cukur-starter-pack-gratis-cover-pisau-cukur/ps--PGG-18081-01207;1
438;https://www.blibli.com/p/herbal-essences-shampoo-kondisioner-moroccan-my-shine-300-ml/ps--PGG-18081-01156;1
439;https://www.blibli.com/p/herbal-essences-shampoo-kondisioner-hello-hydration-300-ml/ps--PGG-18081-01155;1
440;https://www.blibli.com/p/pantene-miracles-collagen-repair-daily-hair-supplement-for-damage-care-conditioner-150ml-x-2/ps--PGG-18081-01218;1
441;https://www.blibli.com/p/pantene-hair-fall-control-shampoo-900-ml-3-pcs/ps--PGG-18081-00240;1
442;https://www.blibli.com/p/pantene-shampoo-micellar-detox-and-purify-300-ml/ps--PGG-18081-01230;1
443;https://www.blibli.com/p/pantene-total-damage-care-conditioner-290-ml/ps--PGG-18081-01115;1
444;https://www.blibli.com/p/pantene-miracles-collagen-repair-daily-hair-supplement-for-damage-care-conditioner-300ml-x-3/ps--PGG-18081-01222;1
445;https://www.blibli.com/p/pantene-miracles-collagen-repair-daily-hair-supplement-for-damage-care-conditioner-150-ml/ps--PGG-18081-01217;1
446;https://www.blibli.com/p/pantene-miracles-biotin-strength-daily-hair-supplement-for-hairfall-control-conditioner-150ml/ps--PGG-18081-01208;1
447;https://www.blibli.com/p/sangobion-10-kapsul-strip/ps--PGK-60021-00013;1
448;https://www.blibli.com/p/sangobion-40-cap-4-strips/ps--PGK-60021-00002;1
449;https://www.blibli.com/p/downy-mystique-pewangi-dan-pelembut-pakaian-konsentrat-650-ml-3-pcs-kemasan-refill/ps--DOS-60031-00162;1
450;https://www.blibli.com/p/downy-mystique-pewangi-dan-pelembut-pakaian-konsentrat-650-ml-4-pcs-kemasan-refill/ps--DOS-60031-00308;1
451;https://www.blibli.com/p/downy-mystique-pewangi-dan-pelembut-pakaian-konsentrat-650-ml-2-pcs-kemasan-refill/ps--DOS-60031-00207;1
452;https://www.blibli.com/p/downy-passion-refill-pewangi-dan-pelembut-pakaian-konsentrat-650-ml-isi-2-pcs/ps--DOS-60031-00055;1
453;https://www.blibli.com/p/downy-passion-refill-pewangi-dan-pelembut-pakaian-konsentrat-650-ml-isi-3-pcs/ps--DOS-60031-00056;1
454;https://www.blibli.com/p/downy-passion-refill-pewangi-dan-pelembut-pakaian-konsentrat-650-ml-isi-4-pcs/ps--DOS-60031-00507;1
455;https://www.blibli.com/p/head-shoulders-cool-menthol-shampoo-mobile-legend-limited-edition-160-ml/ps--PGG-18081-01426;
456;https://www.blibli.com/p/head-shoulders-lemon-fresh-shampoo-mobile-legend-limited-edition-160-ml/ps--PGG-18081-01429;1
457;https://www.blibli.com/p/head-shoulders-cool-menthol-shampoo-mobile-legend-limited-edition-300-ml/ps--PGG-18081-01427;1
458;https://www.blibli.com/p/head-shoulders-lemon-fresh-shampoo-mobile-legend-limited-edition-300-ml/ps--PGG-18081-01428;1
459;https://www.blibli.com/p/olay-luminous-niacinamide-aha-super-serum-15-ml/ps--OLY-60021-00556;1
460;https://www.blibli.com/p/olay-luminous-niacinamide-vitamin-c-super-serum-brightening-skincare-15-ml/ps--OLY-60021-00557;1
461;https://www.blibli.com/p/olay-luminous-recycled-pack-ritual-krim-pelembab-wajah-pagi-malam-pencerah-skincare/ps--OLY-60021-00489;1
462;https://www.blibli.com/p/olay-regenerist-recycled-pack-ritual-krim-pelembab-pagi-malam-anti-aging-skincare/ps--OLY-60021-00488;1
463;https://www.blibli.com/p/olay-total-effects-recycled-pack-set-lengkap-anti-aging-skincare-krim-wajah-serum-wajah-sabun-muka/ps--OLY-60021-00491;
464;https://www.blibli.com/p/limited-edition-olay-x-friends-regenerist-micro-sculpting-cream-pelembab-wajah-pagi-skincare-50-gr/ps--OLY-60021-00561;1
465;https://www.blibli.com/p/limited-edition-olay-x-friends-luminous-light-perfecting-serum-pencerah-wajah-30-ml/ps--OLY-60021-00560;1
466;https://www.blibli.com/p/limited-edition-olay-x-friends-regenerist-micro-sculpting-cream-pelembab-wajah-pagi-regenerist-micro-sculpting-cream-serum/ps--OLY-60021-00564;
467;https://www.blibli.com/p/special-edition-olay-x-friends-olay-serum-wajah-luminous-30ml-krim-pelembab-retinol-anti-aging-skincare-50-gr/ps--OLY-60021-00565;1
468;https://www.blibli.com/p/special-edition-olay-x-friends-olay-serum-wajah-luminous-30ml-krim-pelembab-pencerah-niacinamide-vit-c-skincare-50-gr/ps--OLY-60021-00566;1
469;https://www.blibli.com/p/olay-regenerist-antioxidan-moisturizer-krim-50-gr/ps--OLY-60021-00569;1
470;https://www.blibli.com/p/olay-regenerist-antioxidan-serum-30-ml/ps--OLY-60021-00570;1
471;https://www.blibli.com/p/olay-antioxidant-moisturizer-50gr-serum-30ml-skin-barrier-cream-essence-anti-aging-skin-care/ps--OLY-60021-00571;1
472;https://www.blibli.com/p/olay-antioxidant-moisturizer-50gr-skin-barrier-cream-anti-aging-niacinamide-aha-serum-30ml-essence-pencerah-skin-care/ps--OLY-60021-00572;1
473;https://www.blibli.com/p/olay-antioxidant-moisturizer-50gr-skin-barrier-cream-anti-aging-niacinamide-vit-c-serum-30ml-essence-pencerah-skin-care/ps--OLY-60021-00575;1
474;https://www.blibli.com/p/olay-antioxidant-moisturizer-50gr-skin-barrier-cream-anti-aging-retinol-serum-30ml-essence-anti-aging-skin-care/ps--OLY-60021-00573;1
475;https://www.blibli.com/p/olay-antioxidant-serum-30ml-essence-anti-aging-collagen-serum-30ml-essence-anti-aging-skin-care/ps--OLY-60021-00576;1
476;https://www.blibli.com/p/olay-antioxidant-serum-30ml-essence-anti-aging-niacinamide-aha-serum-30ml-essence-pencerah-skin-care/ps--OLY-60021-00574;1
477;https://www.blibli.com/p/downy-mystique-refill-pewangi-dan-pelembut-pakaian-konsentrat-1-35-l-3-pcs/ps--DOS-60031-00488;1
478;https://www.blibli.com/p/downy-sunrise-fresh-pewangi-dan-pelembut-pakaian-konsentrat-biru-1-4-l-refill-3-pcs/ps--DOS-60031-00500;1
479;https://www.blibli.com/p/downy-pewangi-dan-pelembut-pakaian-konsentrat-french-lavender-900-ml-paket-isi-3/ps--DOS-60031-00522;1
480;https://www.blibli.com/p/downy-pewangi-dan-pelembut-pakaian-konsentrat-french-lavender-550-ml-paket-isi-3/ps--DOS-60031-00463;1
481;https://www.blibli.com/p/downy-floral-pink-pewangi-dan-pelembut-pakaian-konsentrat-1-4-l-isi-3-pcs/ps--DOS-60031-00499;1
482;https://www.blibli.com/p/downy-pewangi-dan-pelembut-pakaian-konsentrat-french-lavender-550-ml-paket-isi-4/ps--DOS-60031-00464;1
483;https://www.blibli.com/p/gillette-blue-3-flexi-razor-alat-pisau-cukur-4-2-pcs/ps--PGG-18081-01425;1
484;https://www.blibli.com/p/gillette-paket-guard-3-pisau-cukur-razor-isi-1-pcs-isi-ulang-pisau-cukur-isi-2-pcs-set-bundle/ps--PGG-18081-00987;1
485;https://www.blibli.com/p/gillette-fusion5-pisau-cukur-starter-pack-gratis-cover-pisau-cukur/ps--PGG-18081-01206;1
486;https://www.blibli.com/p/head-shoulders-lemon-fresh-shampoo-300-ml-2-pcs/ps--PGG-18081-00996;1
487;https://www.blibli.com/p/herbal-essences-shampo-kondisioner-colour-me-happy-300-ml/ps--PGG-18081-01154;1
488;https://www.blibli.com/p/herbal-essences-bio-renew-smooth-golden-moringa-oil-shampoo-400-ml-kondisioner/ps--PGG-18081-01157;1
489;https://www.blibli.com/p/lebih-hemat-olay-set-lengkap-luminous-niacinamide-aha-brightening-skin-care-krim-wajah-50gr-serum-wajah-30ml/ps--OLY-60021-00447;1
490;https://www.blibli.com/p/olay-white-radiance-luminuous-krim-pelembab-uv-50-g/ps--OLY-60021-00369;1
491;https://www.blibli.com/p/olay-regenerist-peptide-24-collagen-peptide-krim-pelembab/ps--OLY-60021-00367;1
492;https://www.blibli.com/p/oral-b-sikat-gigi-toothbrush-anak-stages-1-the-pooh-4-24-bulan-paket-isi-6/ps--BLP-60063-00014;1
493;https://www.blibli.com/p/oral-b-complete-easy-clean-charcoal-sikat-gigi-3s/ps--PGG-18081-01359;1
494;https://www.blibli.com/p/oral-b-complete-easy-clean-charcoal-sikat-gigi-3s-paket-isi-2/ps--PGG-18081-01357;1
495;https://www.blibli.com/p/oral-b-sikat-gigi-toothbrush-anak-stages-3-cars-frozen-5-7-tahun-paket-isi-6/ps--BLP-60063-00018;1
496;https://www.blibli.com/p/oral-b-sikat-gigi-anak-stages-4-frozen-random-color-8-tahun-paket-isi-6/ps--BLP-60063-00020;1
497;https://www.blibli.com/p/oral-b-stages-3-sikat-gigi-anak-3-pcs/ps--BLP-60063-00007;1
498;https://www.blibli.com/p/oral-b-sikat-gigi-all-rounder-gum-protect-3s/ps--PGG-18081-01116;1
499;https://www.blibli.com/p/oral-b-sikat-gigi-anak-mickey-2-4-tahun-paket-isi-2/ps--BLP-60063-00010;1
500;https://www.blibli.com/p/oral-b-sikat-gigi-anak-mickey-2-4-tahun-paket-isi-6/ps--BLP-60063-00012;1
501;https://www.blibli.com/p/pantene-miracles-keratin-glow-daily-hair-supplement-conditioner-150ml-3pcs/ps--PGG-18081-01362;1
502;https://www.blibli.com/p/pantene-miracles-biotin-strength-daily-hair-supplement-for-hairfall-control-conditioner-300ml-x-3/ps--PGG-18081-01213;1
503;https://www.blibli.com/p/pantene-miracles-collagen-repair-daily-hair-supplement-for-damage-care-conditioner-150ml-x-3/ps--PGG-18081-01219;
504;https://www.blibli.com/p/pantene-miracles-biotin-strength-daily-hair-supplement-for-hairfall-control-conditioner-150ml-x-3/ps--PGG-18081-01210;1
505;https://www.blibli.com/p/pantene-miracles-biotin-strength-daily-hair-supplement-for-hairfall-control-conditioner-150ml-x-2/ps--PGG-18081-01209;1
506;https://www.blibli.com/p/pantene-miracles-biotin-strength-daily-hair-supplement-for-hairfall-control-conditioner-300ml-x-2/ps--PGG-18081-01212;1
507;https://www.blibli.com/p/pantene-micellar-detox-and-purify-paket-shampoo-300-ml-x2-conditioner-300-ml/ps--PGG-18081-01235;1
508;https://www.blibli.com/p/pantene-miracles-keratin-glow-daily-hair-supplement-conditioner-300ml-3pcs/ps--PGG-18081-01353;1
509;https://www.blibli.com/p/pantene-miracles-keratin-glow-daily-hair-supplement-conditioner-300ml-2pcs/ps--PGG-18081-01348;1
510;https://www.blibli.com/p/pantene-micellar-detox-and-purify-paket-shampoo-530-ml-x2-conditioner-530-ml/ps--PGG-18081-01240;1
511;https://www.blibli.com/p/pantene-miracles-keratin-glow-daily-hair-supplement-conditioner-150ml-2pcs/ps--PGG-18081-01358;1
512;https://www.blibli.com/p/pantene-shampoo-micellar-detox-and-purify-530-ml/ps--PGG-18081-01236;1
513;https://www.blibli.com/p/special-package-idekuhandmade-sangobion-40-cap-4-strips-bundle-2-boxes-sangobion-10-kapsul-strip/ps--PGK-60021-00039;
514;https://www.blibli.com/p/whs-sangobion-kids-100ml-bundle-3-bottles/ps--PGK-60021-00059;
515;https://www.blibli.com/p/whs-special-bundle-idekuhandmade-sangobion-vita-tonik-400ml-bundle-4-bottles/ps--PGK-60021-00070;
516;https://www.blibli.com/p/whs-sangobion-vita-tonik-250ml-bundle-2-bottles/ps--PGK-60021-00066;
517;https://www.blibli.com/p/whs-sangobion-kids-100ml/ps--PGK-60021-00057;
518;https://www.blibli.com/p/whs-sangobion-vita-tonik-400ml-bundle-2-bottles/ps--PGK-60021-00071;
519;https://www.blibli.com/p/gillette-venus-comfortglide-white-tea-razor-alat-cukur-wanita-1-gagang-2-refills/ps--PGG-18081-00921;
520;https://www.blibli.com/p/rejoice-jeju-rose-shampoo-340ml-3pcs/ps--PGG-18081-01361;1
521;https://www.blibli.com/p/rejoice-jeju-rose-shampoo-340ml-2pcs/ps--PGG-18081-01354;1
522;https://www.blibli.com/p/rejoice-jeju-rose-conditioner-150ml/ps--PGG-18081-01340;1
523;https://www.blibli.com/p/downy-pelembut-pewangi-pakaian-pashmina-rose-refill-550ml-isi-1/ps--DOS-60031-00613;1
524;https://www.blibli.com/p/downy-pelembut-pewangi-pakaian-pashmina-rose-refill-550ml-isi-2/ps--DOS-60031-00614;1
525;https://www.blibli.com/p/downy-pelembut-pewangi-pakaian-pashmina-rose-refill-550ml-isi-3/ps--DOS-60031-00615;1
526;https://www.blibli.com/p/downy-pelembut-pewangi-pakaian-pashmina-rose-refill-550ml-isi-4/ps--DOS-60031-00616;1
527;https://www.blibli.com/p/downy-pelembut-pewangi-pakaian-pashmina-rose-refill-900ml-isi-1/ps--DOS-60031-00617;1
528;https://www.blibli.com/p/downy-pelembut-pewangi-pakaian-pashmina-rose-refill-900ml-isi-2/ps--DOS-60031-00618;1
529;https://www.blibli.com/p/downy-pelembut-pewangi-pakaian-pashmina-rose-refill-900ml-isi-3/ps--DOS-60031-00619;1
530;https://www.blibli.com/p/downy-pelembut-pewangi-pakaian-pashmina-rose-refill-900ml-isi-4/ps--DOS-60031-00620;1
531;https://www.blibli.com/p/vicks-inhaler-twin-keychain/ps--PGG-18081-01538;1
532;https://www.blibli.com/p/vicks-inhaler-twin-keychain-paket-isi-2/ps--PGG-18081-01539;1
533;https://www.blibli.com/p/vicks-inhaler-twin-keychain-paket-isi-3/ps--PGG-18081-01540;
534;https://www.blibli.com/p/vicks-inhaler-twin-keychain-paket-isi-4/ps--PGG-18081-01541;1
535;https://www.blibli.com/p/oral-b-stages-1-sikat-gigi-anak-isi-3pcs/ps--BLP-60063-00006;1
536;https://www.blibli.com/p/pantene-pro-v-gold-series-smooth-sleek-kondisioner-320-ml/ps--PGG-18081-00879?ds=PGG-18081-00879-00001&source=MERCHANT_PAGE&sid=6b29877ce23df307&cnc=true&pickupPointCode=PGG-18081-002&pid=PGG-18081-00879&logistics=SAME_DAY&logistics=INSTANT&logistics=HOUR_DEL;
537;https://www.blibli.com/p/pantene-miracles-collagen-repair-daily-hair-supplement-for-damage-care-conditioner-300ml-x-2/ps--PGG-18081-01221?ds=PGG-18081-01221-00001&source=MERCHANT_PAGE&sid=cf82c001e2908d21&cnc=true&pickupPointCode=PGG-18081-002&pid=PGG-18081-01221;1
538;https://www.blibli.com/p/pantene-micellar-detox-and-purify-paket-shampoo-300-ml-conditioner-300-ml/ps--PGG-18081-01234?ds=PGG-18081-01234-00001&source=MERCHANT_PAGE&sid=2cae9f85167ac106&cnc=true&pickupPointCode=PGG-18081-002&pid=PGG-18081-01234;1
539;https://www.blibli.com/p/pantene-miracles-biotin-strength-daily-hair-supplement-for-hairfall-control-conditioner-300ml/ps--PGG-18081-01211?ds=PGG-18081-01211-00001&source=MERCHANT_PAGE&sid=e3e4f428010ea2ac&cnc=true&pickupPointCode=PGG-18081-002&pid=PGG-18081-01211;1
540;https://www.blibli.com/p/pantene-micellar-detox-and-purify-paket-shampoo-530-ml-conditioner-530-ml/ps--PGG-18081-01239?ds=PGG-18081-01239-00001&source=MERCHANT_PAGE&sid=80740bb4e5017203&cnc=true&pickupPointCode=PGG-18081-002&pid=PGG-18081-01239;1
541;https://www.blibli.com/p/pantene-conditioner-micellar-detox-purify-530-ml/ps--PGG-18081-01237?ds=PGG-18081-01237-00001&source=MERCHANT_PAGE&sid=3b5178a7e2157949&cnc=true&pickupPointCode=PGG-18081-002&pid=PGG-18081-01237;1
542;https://www.blibli.com/p/pantene-shampoo-total-damage-care-400-ml/ps--PGG-18081-00109?ds=PGG-18081-00109-00001&source=MERCHANT_PAGE&sid=33e30ca7bc7cc276&cnc=true&pickupPointCode=PGG-18081-002&pid=PGG-18081-00109;1
543;https://www.blibli.com/p/pantene-hair-fall-control-shampoo-750-ml-x-2pcs-free-hair-towel-microfiber/ps--PGG-18081-01380?ds=PGG-18081-01380-00001&source=MERCHANT_PAGE&sid=663dbc92295a3567&cnc=true&pickupPointCode=PGG-18081-002&pid=PGG-18081-01380;1
544;https://www.blibli.com/p/pantene-miracles-keratin-glow-daily-hair-supplement-conditioner-150ml/ps--PGG-18081-01356?ds=PGG-18081-01356-00001&source=MERCHANT_PAGE&sid=54d1c5a5bdc30111&cnc=true&pickupPointCode=PGG-18081-002&pid=PGG-18081-01356;1
545;https://www.blibli.com/p/pantene-shampoo-micellar-detox-and-purify-530-ml-x2/ps--PGG-18081-01241?ds=PGG-18081-01241-00001&source=MERCHANT_PAGE&sid=e682198dad415154&cnc=true&pickupPointCode=PGG-18081-002&pid=PGG-18081-01241;1
546;https://www.blibli.com/p/pantene-miracles-collagen-repair-daily-hair-supplement-for-damage-care-conditioner-300ml/ps--PGG-18081-01220?ds=PGG-18081-01220-00001&source=MERCHANT_PAGE&sid=4068605f6234d86a&cnc=true&pickupPointCode=PGG-18081-002&pid=PGG-18081-01220;1
547;https://www.blibli.com/p/pantene-shampoo-micellar-detox-and-purify-300-ml-x2/ps--PGG-18081-01232?ds=PGG-18081-01232-00001&source=MERCHANT_PAGE&sid=e631cb6731496b4b&cnc=true&pickupPointCode=PGG-18081-002&pid=PGG-18081-01232;1
548;https://www.blibli.com/p/pantene-pro-v-gold-series-smooth-sleek-shampoo-270-ml-conditioner-190-ml/ps--PGG-18081-01400?ds=PGG-18081-01400-00001&source=MERCHANT_PAGE&sid=d239101c3934a37c&cnc=true&pickupPointCode=PGG-18081-002&pid=PGG-18081-01400;1
549;https://www.blibli.com/p/pantene-conditioner-micellar-detox-and-purify-300-ml/ps--PGG-18081-01231?ds=PGG-18081-01231-00001&source=MERCHANT_PAGE&sid=2689bbc06f309e42&cnc=true&pickupPointCode=PGG-18081-002&pid=PGG-18081-01231;1
550;https://www.blibli.com/p/pantene-miracles-keratin-glow-daily-hair-supplement-conditioner-300ml/ps--PGG-18081-01352?ds=PGG-18081-01352-00001&source=MERCHANT_PAGE&sid=f889b315526a0d62&cnc=true&pickupPointCode=PGG-18081-002&pid=PGG-18081-01352;1
551;https://www.blibli.com/p/pantene-miracles-collagen-repair-weekly-hair-supplement-for-damage-care-hair-mask-20-ml/ps--PGG-18081-01223?ds=PGG-18081-01223-00001&source=MERCHANT_PAGE&sid=77849d76f37a0eea&cnc=true&pickupPointCode=PGG-18081-002&pid=PGG-18081-01223;
552;https://www.blibli.com/p/pantene-paket-conditioner-micellar-cleanse-and-hydrate-530-ml-isi-2/ps--PGG-18081-01146?ds=PGG-18081-01146-00001&source=MERCHANT_PAGE&sid=36389241427708cb&cnc=true&pickupPointCode=PGG-18081-002&pid=PGG-18081-01146;1
553;https://www.blibli.com/p/pantene-shampoo-micellar-detox-and-purify-530-ml-x2/ps--PGG-18081-01241?ds=PGG-18081-01241-00001&source=MERCHANT_PAGE&sid=37f4b1bbb1723766&cnc=true&pickupPointCode=PGG-18081-002&pid=PGG-18081-01241;1
554;https://www.blibli.com/p/pantene-miracles-biotin-strength-weekly-hair-supplement-for-hairfall-control-hair-mask-20-ml/ps--PGG-18081-01214?ds=PGG-18081-01214-00001&source=MERCHANT_PAGE&sid=8544a973ecd10ac3&cnc=true&pickupPointCode=PGG-18081-002&pid=PGG-18081-01214;
555;https://www.blibli.com/p/pantene-shampoo-total-damage-care-400-ml/ps--PGG-18081-00109?ds=PGG-18081-00109-00001&source=MERCHANT_PAGE&sid=505e2d31d80838ec&cnc=true&pickupPointCode=PGG-18081-002&pid=PGG-18081-00109;1
556;https://www.blibli.com/p/head-shoulders-cool-menthol-shampoo-400-ml-x-3-pcs/ps--PGG-18081-01546?ds=PGG-18081-01546-00001&source=MERCHANT_PAGE&sid=55f89ec659f78cc0&cnc=true&pickupPointCode=PGG-18081-002&pid=PGG-18081-01546&logistics=SAME_DAY&logistics=INSTANT&logistics=HOUR_DEL;1
557;https://www.blibli.com/p/head-shoulders-cool-menthol-shampoo-anti-dandruff-anti-ketombe-400-ml-2-pcs/ps--PGG-18081-00919?ds=PGG-18081-00919-00001&source=MERCHANT_PAGE&sid=ef825e776fb2830c&cnc=true&pickupPointCode=PGG-18081-002&pid=PGG-18081-00919;1
558;https://www.blibli.com/p/head-shoulders-lemon-fresh-shampoo-300-ml-2-pcs/ps--PGG-18081-00996?ds=PGG-18081-00996-00001&source=MERCHANT_PAGE&sid=e1c23f06431c7adb&cnc=true&pickupPointCode=PGG-18081-002&pid=PGG-18081-00996;1
559;https://www.blibli.com/p/rejoice-jeju-rose-shampoo-340ml/ps--PGG-18081-01343?ds=PGG-18081-01343-00001&source=MERCHANT_PAGE&sid=523316f3858a69c4&cnc=true&pickupPointCode=PGG-18081-002&pid=PGG-18081-01343;1
560;https://www.blibli.com/p/rejoice-jeju-rose-conditioner-150ml-3pcs/ps--PGG-18081-01347?ds=PGG-18081-01347-00001&source=MERCHANT_PAGE&sid=b2408e32de544a9d&cnc=true&pickupPointCode=PGG-18081-002&pid=PGG-18081-01347;1
561;https://www.blibli.com/p/rejoice-jeju-rose-conditioner-150ml-2pcs/ps--PGG-18081-01350?ds=PGG-18081-01350-00001&source=MERCHANT_PAGE&sid=0e2bf6e4478f5221&cnc=true&pickupPointCode=PGG-18081-002&pid=PGG-18081-01350;1
562;https://www.blibli.com/p/lebih-hemat-herbal-essences-argan-oil-of-morocco-shampoo-240-ml-conditioner-240-ml/ps--PGG-18081-01499?ds=PGG-18081-01499-00001&source=MERCHANT_PAGE&sid=d154c473ec1d4664&cnc=true&pickupPointCode=PGG-18081-002&pid=PGG-18081-01499;1
563;https://www.blibli.com/p/lebih-hemat-herbal-essences-white-strawberry-mint-shampoo-240-ml-conditioner-240-ml/ps--PGG-18081-01500?ds=PGG-18081-01500-00001&source=MERCHANT_PAGE&sid=e9e820579c9f651b&metaData=Sa0jw%20XIAzQDKlCuUgCF1ve8fcmZSKyPZRka2yG1KN9hxp5F58%20es2c20cilxyH6V6xq99GcSyZY1Sf3L0gZM81tC%2Fd72O3xovd3W%2FbG70PfM%2F%2FeNdJUCw07oJWQqIFs%2FCwvdFssFoOKOSDSYO3t%20d7hR5T5xqPSHPdsX87fJEI%3D&cnc=false&pickupPointCode=PGG-18081-002&pid=PGG-18081-01500;1
564;https://www.blibli.com/p/lebih-hemat-olay-luminous-set-ritual-krim-pelembab-wajah-pagi-malam-pencerah-skincare/ps--OLY-60021-00213?ds=OLY-60021-00213-00001&source=MERCHANT_PAGE&sid=3a0749514d5b4e5e&metaData=Sa0jw%20XIAzQDKlCuUgCF1s0yYjzbjRvl6V96Cq%20jKqk91BMirwbUItMq4W3lD8D%2FlsogVVfmUpV8Tbz8%2FWvDB0%2FQd%20PE2R%20BYcbkg24R21ueL9F9e2M76YsQGLUm9TigHjCITnaWFAGh4FHnHRTkmpThf23tT0JxJ9XhgSJFi37OMrUWNdamugHKXX1T1tmn&cnc=false&pickupPointCode=PP-3035142&pid=OLY-60021-00213;1
565;https://www.blibli.com/p/lebih-hemat-olay-peptide-24-collagen-ritual-krim-pelembab-serum-wajah/ps--OLY-60021-00362?ds=OLY-60021-00362-00001&source=MERCHANT_PAGE&sid=13e4bba6066583be&cnc=true&pickupPointCode=PP-3035142&pid=OLY-60021-00362;1
566;https://www.blibli.com/p/lebih-hemat-olay-peptide-24-collagen-set-lengkap-krim-wajah-serum-wajah-krim-mata/ps--OLY-60021-00361?ds=OLY-60021-00361-00001&source=MERCHANT_PAGE&sid=a91080ca3370ec65&cnc=true&pickupPointCode=PP-3035142&pid=OLY-60021-00361;1
567;https://www.blibli.com/p/olay-luminous-niacinamide-aha-moisturizer-dan-serum-paket-skincare-pelembab-dan-serum-untuk-mencerahkan-kulit/ps--OLY-60021-00447?ds=OLY-60021-00447-00001&source=MERCHANT_PAGE&sid=351c140e328621cf&metaData=Sa0jw%20XIAzQDKlCuUgCF1n01AbUE23o9qKNqdHR3HAeDQu4xIBG%20MWRYoohvC5Q5Vfpio0v83fyImViRCUjYcP1ycHsD0Gv3pU06hp78fX4FIV3TYG4eZlaHQvtHp2GSlg9DYcGal6Nha%200m5BO3EVs5xRNvtu%2FP670hqlbIxg4rvl0KBXJKdKcWce8lHB5y&cnc=false&pickupPointCode=PP-3035142&pid=OLY-60021-00447;1
568;https://www.blibli.com/p/lebih-hemat-olay-set-lengkap-luminous-niacinamide-vitamin-c-brightening-skin-care-krim-wajah-50gr-serum-wajah-30ml/ps--OLY-60021-00510?ds=OLY-60021-00510-00001&source=MERCHANT_PAGE&sid=47a2826657dee27e&cnc=true&pickupPointCode=PP-3035142&pid=OLY-60021-00510;1
569;https://www.blibli.com/p/olay-serum-wajah-luminous-30ml-krim-pelembab-regenerist-anti-aging-skincare-50g-special-edition-keith-haring/ps--OLY-60021-00379?ds=OLY-60021-00379-00001&source=MERCHANT_PAGE&sid=6766389d5a061178&cnc=true&pickupPointCode=PP-3035142&pid=OLY-60021-00379;1
570;https://www.blibli.com/p/olay-krim-pelembab-pagi-regenerist-micro-sculpting-anti-aging-day-cream-skincare-50g-special-edition-keith-haring-free-white-pouch/ps--OLY-60021-00406?ds=OLY-60021-00406-00001&source=MERCHANT_PAGE&sid=c5f5473b51ef610c&metaData=Sa0jw%20XIAzQDKlCuUgCF1iYI2BDHujiFy09q4%2FuHexUKJQqrK5MLFrC4m9rnfie3V6xq99GcSyZY1Sf3L0gZM81tC%2Fd72O3xovd3W%2FbG70PfM%2F%2FeNdJUCw07oJWQqIFs%2FCwvdFssFoOKOSDSYO3t%20S4XDpl5vx3UqWI57oYVq3oqHx8YcajYyD7fOGJgHLBl&cnc=false&pickupPointCode=PP-3035142&pid=OLY-60021-00406;
571;https://www.blibli.com/p/olay-luminous-niacinamide-aha-moisturizer-krim-untuk-mencerahkan-kulit-pelembab-wajah-non-comedogenic-50g/ps--OLY-60021-00445?ds=OLY-60021-00445-00001&source=MERCHANT_PAGE&sid=98fa6b12bffa40f8&metaData=Sa0jw%20XIAzQDKlCuUgCF1kQOOYRkVKZA%20wI5vUVNxaHTA8JEpjbBowS8vKptaOByVfpio0v83fyImViRCUjYcP1ycHsD0Gv3pU06hp78fX4FIV3TYG4eZlaHQvtHp2GSlg9DYcGal6Nha%200m5BO3EVs5xRNvtu%2FP670hqlbIxg4rvl0KBXJKdKcWce8lHB5y&cnc=false&pickupPointCode=PP-3035142&pid=OLY-60021-00445;1
572;https://www.blibli.com/p/olay-luminous-niacinamide-aha-super-serum-brightening-skin-care-30ml/ps--OLY-60021-00446?ds=OLY-60021-00446-00001&source=MERCHANT_PAGE&sid=2b2734eb36c11902&cnc=true&pickupPointCode=PP-3035142&pid=OLY-60021-00446;
573;https://www.blibli.com/p/olay-regenerist-micro-sculpting-krim-malam-10-g/ps--OLY-60021-00319?ds=OLY-60021-00319-00001&source=MERCHANT_PAGE&sid=83075163e57de3ed&cnc=true&pickupPointCode=PP-3035142&pid=OLY-60021-00319;1
574;https://www.blibli.com/p/olay-regenerist-micro-sculpting-krim-pagi-10-g/ps--OLY-60021-00318?ds=OLY-60021-00318-00001&source=MERCHANT_PAGE&sid=77840013c12aeb69&cnc=true&pickupPointCode=PP-3035142&pid=OLY-60021-00318;1
575;https://www.blibli.com/p/olay-regenerist-peptide-24-collagen-peptide-krim-mata/ps--OLY-60021-00368?ds=OLY-60021-00368-00001&source=MERCHANT_PAGE&sid=f618b643d085ce95&cnc=true&pickupPointCode=PP-3035142&pid=OLY-60021-00368;1
576;https://www.blibli.com/p/olay-regenerist-peptide-24-collagen-peptide-serum/ps--OLY-60021-00366?ds=OLY-60021-00366-00001&source=MERCHANT_PAGE&sid=062669f1742b2737&cnc=true&pickupPointCode=PP-3035142&pid=OLY-60021-00366;1
577;https://www.blibli.com/p/olay-retinol-krim-malam-pelembab-wajah-anti-aging-8gr/ps--OLY-60021-00612?ds=OLY-60021-00612-00001&source=MERCHANT_PAGE&sid=4ce4e2b00ef7945f&metaData=Sa0jw%20XIAzQDKlCuUgCF1oqaDBqM2HlXPPOHquzUsgWEXQ73nK2e3%20KFRbPs3WlhV6xq99GcSyZY1Sf3L0gZM81tC%2Fd72O3xovd3W%2FbG70PfM%2F%2FeNdJUCw07oJWQqIFs%2FCwvdFssFoOKOSDSYO3t%20d7hR5T5xqPSHPdsX87fJEI%3D&cnc=false&pickupPointCode=PP-3035142&pid=OLY-60021-00612;1
578;https://www.blibli.com/p/olay-ritual-krim-pelembab-peptide-24-collagen-50g-regenerist-malam-50g/ps--OLY-60021-00364?ds=OLY-60021-00364-00001&source=MERCHANT_PAGE&sid=6d4446949bbaa665&cnc=true&pickupPointCode=PP-3035142&pid=OLY-60021-00364;1
579;https://www.blibli.com/p/olay-ritual-serum-luminous-niacinamide-aha-30ml-krim-pelembab-regenerist-anti-aging-skin-care-50g-free-olay-face-brush/ps--OLY-60021-00465?ds=OLY-60021-00465-00001&source=MERCHANT_PAGE&sid=f94006f47bd3df55&metaData=Sa0jw%20XIAzQDKlCuUgCF1u4y3sWx39B%20Ux7PplSxA7IIOTq0ew5rPcj8GU3KrhMyV6xq99GcSyZY1Sf3L0gZM81tC%2Fd72O3xovd3W%2FbG70PfM%2F%2FeNdJUCw07oJWQqIFs%2FCwvdFssFoOKOSDSYO3t%20S4XDpl5vx3UqWI57oYVq3oqHx8YcajYyD7fOGJgHLBl&cnc=false&pickupPointCode=PP-3035142&pid=OLY-60021-00465;
580;https://www.blibli.com/p/olay-serum-wajah-luminous-30ml-krim-pelembab-regenerist-anti-aging-skincare-50g-special-edition-keith-haring/ps--OLY-60021-00379?ds=OLY-60021-00379-00001&source=MERCHANT_PAGE&sid=ac556ac65c749181&metaData=Sa0jw%20XIAzQDKlCuUgCF1kL2FIqBQc%20lQodUj2tZPWElwZVbd8jDDQKxSE7oHastV6xq99GcSyZY1Sf3L0gZM81tC%2Fd72O3xovd3W%2FbG70PfM%2F%2FeNdJUCw07oJWQqIFs%2FCwvdFssFoOKOSDSYO3t%20S4XDpl5vx3UqWI57oYVq3oqHx8YcajYyD7fOGJgHLBl&cnc=false&pickupPointCode=PP-3035142&pid=OLY-60021-00379;1
581;https://www.blibli.com/p/olay-serum-wajah-luminous-light-perfecting-essence-pencerah-skincare-30ml-special-edition-keith-haring-free-white-pouch/ps--OLY-60021-00405?ds=OLY-60021-00405-00001&source=MERCHANT_PAGE&sid=314bf9e6275c2534&cnc=true&pickupPointCode=PP-3035142&pid=OLY-60021-00405;1
582;https://www.blibli.com/p/olay-serum-wajah-white-radiance-light-perfecting-essence-pencerah-skincare-limited-edition-30-ml/ps--OLY-60021-00339?ds=OLY-60021-00339-00001&source=MERCHANT_PAGE&sid=4ded3a92e9665915&metaData=Sa0jw%20XIAzQDKlCuUgCF1rcyVtUWHSEVrpxXbMqfGD60k3%20ABV%2FDH2PCwDL5hyNHVfpio0v83fyImViRCUjYcP1ycHsD0Gv3pU06hp78fX4FIV3TYG4eZlaHQvtHp2GSlg9DYcGal6Nha%200m5BO3EVOU8ezsgx0acDP4UsfkJzIg9%2FNtdYisrklknqHBLV61&cnc=false&pickupPointCode=PP-3035142&pid=OLY-60021-00339;1
